Customer ID,Recency,Frequency,Monetary,avg_order_value,avg_profit,preferred_segment,preferred_category,Cluster
AA-10315,185,5,5563.56,1112.712,-72.57650000000001,Consumer,Office Supplies,0
AA-10375,20,9,1056.39,117.37666666666668,30.82026666666667,Consumer,Office Supplies,0
AA-10480,260,4,1790.512,447.628,108.95684999999999,Consumer,Office Supplies,0
AA-10645,56,6,5086.9349999999995,847.8224999999999,142.96721666666667,Consumer,Furniture,0
AB-10015,416,3,886.156,295.38533333333334,43.1155,Consumer,Office Supplies,0
AB-10060,55,8,7755.619999999999,969.4524999999999,256.8235625,Home Office,Office Supplies,0
AB-10105,42,10,14473.571,1447.3571,544.48055,Consumer,Office Supplies,0
AB-10150,42,5,966.71,193.342,62.731939999999994,Consumer,Office Supplies,0
AB-10165,26,8,1113.838,139.22975,27.601625,Consumer,Office Supplies,0
AB-10255,167,9,914.5319999999999,101.61466666666666,29.39638888888889,Home Office,Office Supplies,0
AB-10600,51,4,1515.862,378.9655,-68.7401,Corporate,Office Supplies,0
AC-10420,233,3,925.8,308.59999999999997,-20.7114,Corporate,Office Supplies,0
AC-10450,12,7,5527.846,789.6922857142856,195.14425714285716,Consumer,Office Supplies,0
AC-10615,7,5,2537.686,507.53720000000004,59.765460000000004,Corporate,Office Supplies,0
AC-10660,283,5,657.316,131.4632,-5.740079999999999,Consumer,Office Supplies,0
AD-10180,30,8,6106.88,763.36,233.74117500000003,Home Office,Office Supplies,0
AF-10870,42,7,2052.908,293.27257142857144,45.42445714285714,Consumer,Office Supplies,0
AF-10885,416,4,861.5649999999999,215.39124999999999,-40.779375,Consumer,Office Supplies,0
AG-10270,279,5,2582.898,516.5796,146.54798,Consumer,Office Supplies,0
AG-10300,119,4,367.548,91.887,14.822099999999999,Corporate,Office Supplies,0
AG-10330,9,5,660.972,132.1944,-1.0274200000000007,Consumer,Office Supplies,0
AG-10390,115,5,200.945,40.189,13.855680000000001,Consumer,Office Supplies,0
AG-10495,79,8,2356.855,294.606875,36.95835,Corporate,Office Supplies,0
AG-10525,846,4,1455.038,363.7595,-38.190325,Corporate,Office Supplies,0
AG-10675,98,7,3489.0396,498.4342285714286,-35.20367142857143,Consumer,Office Supplies,0
AG-10765,78,4,170.584,42.646,-2.1077500000000002,Home Office,Office Supplies,0
AG-10900,97,10,4510.7970000000005,451.07970000000006,34.36824,Consumer,Office Supplies,0
AH-10030,13,7,1744.7,249.24285714285716,52.1736,Corporate,Office Supplies,0
AH-10075,35,10,3250.337,325.0337,28.118900000000004,Corporate,Office Supplies,0
AH-10120,61,7,1735.5140000000001,247.93057142857145,-0.33065714285714065,Home Office,Office Supplies,0
AH-10195,56,4,1587.452,396.863,-94.637725,Corporate,Office Supplies,0
AH-10210,7,9,4805.344,533.9271111111111,145.39495555555555,Consumer,Office Supplies,0
AH-10465,231,5,2495.3916,499.07831999999996,-39.224019999999996,Consumer,Office Supplies,0
AH-10585,22,4,738.504,184.626,20.990750000000002,Consumer,Furniture,0
AH-10690,411,12,7888.294,657.3578333333334,108.16805,Corporate,Office Supplies,0
AI-10855,14,10,4375.786,437.5786,86.77271,Consumer,Office Supplies,0
AJ-10780,76,7,4867.344,695.3348571428571,21.530428571428583,Corporate,Office Supplies,0
AJ-10795,167,7,4501.391,643.0558571428571,165.52948571428573,Corporate,Office Supplies,0
AJ-10945,86,7,1839.24,262.74857142857144,74.4478857142857,Consumer,Office Supplies,0
AJ-10960,75,3,629.2479999999999,209.7493333333333,20.142166666666665,Consumer,Office Supplies,0
AM-10360,29,5,814.012,162.80239999999998,38.99756,Corporate,Office Supplies,0
AM-10705,163,8,5664.022,708.00275,135.716575,Consumer,Office Supplies,0
AO-10810,502,1,161.28,161.28,12.096,Corporate,Furniture,0
AP-10720,42,8,1638.554,204.81925,35.7236,Home Office,Office Supplies,0
AP-10915,99,10,3323.556,332.3556,57.931129999999996,Consumer,Office Supplies,0
AR-10345,112,4,1055.694,263.9235,-55.2636,Corporate,Furniture,0
AR-10405,126,5,2236.1279999999997,447.22559999999993,-19.75292,Corporate,Furniture,0
AR-10510,15,5,264.86400000000003,52.97280000000001,8.7339,Consumer,Office Supplies,0
AR-10540,7,6,6608.448,1101.4080000000001,480.77013333333326,Consumer,Office Supplies,0
AR-10570,535,1,88.15,88.15,32.633,Consumer,Furniture,0
AR-10825,59,8,4523.336,565.417,61.8544,Corporate,Furniture,0
AS-10045,89,7,3050.692,435.81314285714285,-36.22494285714286,Corporate,Office Supplies,0
AS-10090,29,9,3255.3100000000004,361.7011111111112,7.1708222222222195,Consumer,Office Supplies,0
AS-10135,42,2,58.82,29.41,10.9248,Home Office,Office Supplies,0
AS-10225,23,5,4260.784,852.1568,143.95502,Corporate,Office Supplies,0
AS-10240,193,7,584.608,83.51542857142856,4.816542857142856,Consumer,Office Supplies,0
AS-10285,20,6,3214.236,535.706,59.1046,Corporate,Office Supplies,0
AS-10630,93,7,833.3979999999999,119.05685714285713,19.498842857142854,Home Office,Office Supplies,0
AT-10435,22,6,1171.8139999999999,195.3023333333333,16.8128,Home Office,Office Supplies,0
AT-10735,14,10,3831.864,383.1864,97.41069999999999,Consumer,Office Supplies,0
AW-10840,21,4,649.376,162.344,16.443125,Consumer,Office Supplies,0
AW-10930,47,7,2852.9680000000003,407.5668571428572,-14.935514285714289,Home Office,Office Supplies,0
AY-10555,15,4,497.01399999999995,124.25349999999999,25.837475,Corporate,Furniture,0
AZ-10750,161,6,1622.018,270.33633333333336,25.82505,Consumer,Office Supplies,0
BB-10990,106,5,744.34,148.868,2.3167800000000014,Corporate,Office Supplies,0
BB-11545,29,9,6765.728,751.7475555555556,112.78611111111111,Corporate,Office Supplies,0
BC-11125,203,9,2933.676,325.964,27.955266666666667,Home Office,Office Supplies,0
BD-11320,34,12,5718.521,476.54341666666664,91.20864166666667,Consumer,Office Supplies,0
BD-11500,36,6,4411.2429999999995,735.2071666666666,190.35375,Consumer,Office Supplies,0
BD-11560,279,2,320.54,160.27,58.357,Home Office,Office Supplies,0
BD-11605,98,7,3288.471,469.78157142857145,90.69232857142858,Consumer,Office Supplies,0
BD-11620,70,6,1538.11,256.35166666666663,34.45948333333333,Consumer,Office Supplies,0
BD-11635,10,3,582.646,194.21533333333332,47.178,Consumer,Office Supplies,0
BD-11725,94,6,1526.5,254.41666666666666,55.663183333333336,Consumer,Furniture,0
BD-11770,328,6,658.466,109.74433333333333,23.544166666666666,Consumer,Office Supplies,0
BE-11335,120,5,4204.6759999999995,840.9351999999999,297.55478000000005,Home Office,Office Supplies,0
BE-11410,99,5,2261.438,452.2876,151.18302,Consumer,Office Supplies,0
BE-11455,255,6,1727.652,287.942,23.200133333333337,Home Office,Office Supplies,0
BF-10975,92,7,599.798,85.68542857142857,32.4912,Corporate,Office Supplies,0
BF-11005,40,4,1333.88,333.47,-72.84527499999999,Home Office,Office Supplies,0
BF-11020,75,8,2888.506,361.06325,37.7525,Corporate,Office Supplies,0
BF-11080,26,3,272.95,90.98333333333333,36.97573333333333,Consumer,Office Supplies,0
BF-11170,17,11,5907.972,537.0883636363636,139.83751818181818,Home Office,Office Supplies,0
BF-11215,66,4,1585.162,396.2905,130.803325,Home Office,Office Supplies,0
BF-11275,58,3,791.9899999999999,263.9966666666666,8.623399999999998,Corporate,Office Supplies,0
BG-11035,29,8,2798.948,349.8685,-88.928425,Consumer,Office Supplies,0
BG-11695,37,6,1874.172,312.362,17.928583333333332,Corporate,Office Supplies,0
BG-11740,58,6,1006.356,167.726,19.891316666666665,Consumer,Furniture,0
BH-11710,24,8,6255.351,781.918875,100.348725,Consumer,Office Supplies,0
BK-11260,78,6,659.138,109.85633333333334,-10.6274,Consumer,Office Supplies,0
BM-11140,308,4,11789.63,2947.4075,-414.98952499999996,Consumer,Office Supplies,0
BM-11575,101,6,808.1619999999999,134.69366666666664,15.930266666666666,Corporate,Furniture,0
BM-11650,34,11,7294.185,663.1077272727273,199.93437272727272,Corporate,Office Supplies,0
BM-11785,219,10,1338.842,133.88420000000002,13.77439,Consumer,Office Supplies,0
BN-11470,25,4,265.296,66.324,9.153275,Corporate,Office Supplies,0
BN-11515,10,5,1459.344,291.8688,68.14108,Consumer,Office Supplies,0
BO-11350,138,5,2682.728,536.5456,55.75540000000001,Corporate,Office Supplies,0
BO-11425,76,2,130.83,65.415,29.7261,Consumer,Office Supplies,0
BP-11050,84,5,983.42,196.684,41.9566,Corporate,Office Supplies,0
BP-11095,18,12,2442.044,203.50366666666665,36.16459166666667,Corporate,Office Supplies,0
BP-11155,90,6,1697.861,282.97683333333333,107.89745,Consumer,Office Supplies,0
BP-11185,2,9,3675.861,408.429,40.3999,Corporate,Office Supplies,0
BP-11230,40,5,1181.49,236.298,-39.4539,Consumer,Furniture,0
BP-11290,13,7,2475.157,353.5938571428572,-45.580528571428566,Consumer,Office Supplies,0
BS-11365,559,5,10501.653,2100.3306000000002,523.21288,Corporate,Furniture,1
BS-11380,29,5,3887.834,777.5668,-3.5064400000000036,Corporate,Office Supplies,0
BS-11590,36,6,2454.928,409.1546666666666,63.63011666666667,Corporate,Office Supplies,0
BS-11665,583,3,3288.11,1096.0366666666666,79.57893333333334,Consumer,Furniture,0
BS-11755,2,7,2562.382,366.0545714285714,-16.185485714285715,Consumer,Office Supplies,0
BS-11800,266,2,949.4300000000001,474.71500000000003,97.0258,Home Office,Office Supplies,0
BT-11305,337,5,2567.656,513.5312,83.51836,Home Office,Furniture,0
BT-11395,303,6,2186.6130000000003,364.43550000000005,42.98605,Corporate,Office Supplies,0
BT-11440,561,4,603.876,150.969,-19.3814,Consumer,Furniture,0
BT-11485,660,2,415.19599999999997,207.59799999999998,63.4347,Home Office,Office Supplies,0
BT-11530,92,5,2684.492,536.8984,81.89966,Home Office,Office Supplies,0
BT-11680,21,7,3196.752,456.6788571428571,63.964057142857136,Consumer,Office Supplies,0
BV-11245,335,5,1523.273,304.65459999999996,63.04428,Corporate,Office Supplies,0
BW-11065,213,3,385.516,128.50533333333334,-19.428866666666668,Consumer,Office Supplies,0
BW-11110,122,8,4750.358,593.79475,115.157175,Corporate,Office Supplies,0
BW-11200,204,6,1738.406,289.7343333333333,41.166216666666664,Consumer,Office Supplies,0
CA-11965,97,6,3789.7228,631.6204666666666,190.56361666666666,Corporate,Office Supplies,0
CA-12055,402,5,1679.724,335.9448,42.251180000000005,Home Office,Office Supplies,0
CA-12265,57,9,2648.2872,294.25413333333336,31.068699999999996,Consumer,Office Supplies,0
CA-12310,14,4,1421.954,355.4885,61.505449999999996,Corporate,Office Supplies,0
CA-12775,121,7,3041.566,434.50942857142854,29.21278571428572,Consumer,Office Supplies,0
CB-12025,48,10,6076.139,607.6139000000001,15.02089,Consumer,Office Supplies,0
CB-12415,27,8,1949.2,243.65,34.0485375,Consumer,Office Supplies,0
CB-12535,198,8,4246.4555,530.8069375,131.1950125,Corporate,Office Supplies,0
CC-12100,458,6,1770.945,295.15749999999997,34.7652,Home Office,Office Supplies,0
CC-12145,107,7,2471.65,353.09285714285716,56.04035714285714,Consumer,Office Supplies,0
CC-12220,21,12,3913.418,326.1181666666667,32.830149999999996,Consumer,Office Supplies,0
CC-12370,44,5,12129.072,2425.8144,435.40986000000004,Consumer,Office Supplies,0
CC-12430,1,10,2870.05,287.005,42.46583,Home Office,Office Supplies,0
CC-12475,40,9,1659.438,184.382,17.205666666666666,Consumer,Office Supplies,0
CC-12550,28,3,113.832,37.943999999999996,11.2902,Consumer,Office Supplies,0
CC-12610,35,7,2540.6310000000003,362.9472857142858,47.34771428571428,Corporate,Office Supplies,0
CC-12670,30,7,2269.7015,324.24307142857145,26.83427142857143,Consumer,Office Supplies,0
CC-12685,800,4,2854.1150000000002,713.5287500000001,212.539775,Consumer,Office Supplies,0
CD-11920,41,5,2033.9679999999998,406.79359999999997,85.3322,Consumer,Office Supplies,0
CD-11980,55,3,639.766,213.2553333333333,-68.90573333333334,Consumer,Office Supplies,0
CD-12280,43,2,1205.584,602.792,116.5137,Consumer,Office Supplies,0
CD-12790,400,5,1860.732,372.14639999999997,80.76844,Home Office,Office Supplies,0
CG-12040,50,6,904.4680000000001,150.7446666666667,14.418433333333335,Home Office,Office Supplies,0
CG-12520,339,3,1148.7800000000002,382.92666666666673,56.6448,Consumer,Furniture,0
CH-12070,692,3,1537.236,512.412,65.05036666666666,Home Office,Office Supplies,0
CJ-11875,366,1,16.52,16.52,1.652,Corporate,Office Supplies,0
CJ-12010,190,8,11164.974,1395.62175,107.342675,Consumer,Furniture,0
CK-12205,40,13,3154.855,242.68115384615385,10.86793076923077,Consumer,Office Supplies,0
CK-12325,121,5,2945.321,589.0642,52.24418000000001,Home Office,Furniture,0
CK-12595,44,11,2372.75,215.70454545454547,45.246345454545455,Consumer,Office Supplies,0
CK-12760,83,9,1582.1090000000002,175.7898888888889,-37.603455555555556,Corporate,Office Supplies,0
CL-11890,107,4,1262.0140000000001,315.50350000000003,82.021175,Consumer,Office Supplies,0
CL-12565,285,12,10880.546,906.7121666666667,161.14859166666665,Consumer,Office Supplies,0
CL-12700,106,5,2353.5860000000002,470.71720000000005,45.80198,Home Office,Office Supplies,0
CM-11815,132,6,1673.8880000000001,278.98133333333334,35.743833333333335,Corporate,Office Supplies,0
CM-11935,709,2,565.392,282.696,-21.8662,Consumer,Furniture,0
CM-12115,9,4,1661.6100000000001,415.40250000000003,102.266975,Consumer,Technology,0
CM-12160,27,6,2533.314,422.219,-65.7281,Consumer,Office Supplies,0
CM-12190,9,6,1475.144,245.85733333333334,15.20055,Consumer,Office Supplies,0
CM-12235,386,5,2305.712,461.1424,73.00774,Consumer,Office Supplies,0
CM-12385,38,4,8954.02,2238.505,974.9725999999999,Consumer,Office Supplies,0
CM-12445,437,3,287.99,95.99666666666667,21.476533333333332,Consumer,Office Supplies,0
CM-12655,28,6,6339.5576,1056.5929333333333,262.07641666666666,Home Office,Technology,0
CM-12715,1036,4,3984.4524,996.1131,44.0777,Corporate,Office Supplies,0
CP-12085,83,8,5402.254,675.28175,53.378225,Corporate,Office Supplies,0
CP-12340,161,8,5888.275,736.034375,-231.28786250000002,Corporate,Office Supplies,0
CR-12580,58,4,2148.852,537.213,18.600324999999998,Home Office,Office Supplies,0
CR-12625,471,3,475.9,158.63333333333333,48.25313333333333,Home Office,Office Supplies,0
CR-12730,79,4,1600.55,400.1375,76.7294,Consumer,Office Supplies,0
CR-12820,86,3,1397.8724,465.9574666666667,27.756766666666664,Home Office,Office Supplies,0
CS-11845,92,5,1278.954,255.7908,37.07552,Corporate,Office Supplies,0
CS-11860,163,6,537.632,89.60533333333332,17.637916666666666,Consumer,Office Supplies,0
CS-11950,26,11,3036.547,276.0497272727273,-11.492936363636364,Consumer,Office Supplies,0
CS-12130,490,4,884.64,221.16,35.958475,Consumer,Office Supplies,0
CS-12175,233,5,844.4580000000001,168.8916,22.6281,Corporate,Office Supplies,0
CS-12250,27,12,2754.216,229.518,61.53021666666667,Corporate,Office Supplies,0
CS-12355,7,11,3202.1620000000003,291.1056363636364,75.6312,Consumer,Office Supplies,0
CS-12400,3,9,3651.8585000000003,405.7620555555556,-38.08925555555556,Home Office,Office Supplies,0
CS-12460,28,2,550.644,275.322,78.12965,Consumer,Office Supplies,0
CS-12490,425,4,1077.2285,269.307125,-75.719025,Corporate,Office Supplies,0
CS-12505,59,6,5690.055,948.3425000000001,-1104.39825,Consumer,Office Supplies,0
CT-11995,97,8,3241.898,405.23725,20.153287499999994,Consumer,Office Supplies,0
CV-12295,255,5,2830.6279999999997,566.1256,98.61722,Consumer,Office Supplies,0
CV-12805,6,9,2370.3136,263.36817777777776,10.999722222222223,Corporate,Office Supplies,0
CW-11905,23,6,1136.5919999999999,189.432,61.804966666666665,Home Office,Office Supplies,0
CY-12745,61,8,2900.026,362.50325,7.580837500000001,Corporate,Office Supplies,0
Co-12640,550,5,1300.076,260.0152,41.12564,Consumer,Office Supplies,0
DA-13450,353,4,156.76,39.19,14.1976,Home Office,Office Supplies,0
DB-12910,22,8,2171.5989999999997,271.44987499999996,53.92185,Home Office,Office Supplies,0
DB-12970,242,5,2839.2272,567.8454399999999,42.600579999999994,Corporate,Office Supplies,0
DB-13060,17,7,4531.646,647.3779999999999,67.57531428571428,Consumer,Office Supplies,0
DB-13120,49,7,2973.094,424.7277142857143,-203.10988571428575,Corporate,Office Supplies,0
DB-13210,10,10,2332.577,233.25770000000003,16.996789999999997,Consumer,Office Supplies,0
DB-13270,54,8,4655.897,581.987125,105.22829999999999,Home Office,Office Supplies,0
DB-13360,265,5,1081.466,216.29319999999998,58.2017,Home Office,Office Supplies,0
DB-13405,188,4,1711.692,427.923,109.7273,Consumer,Office Supplies,0
DB-13555,108,7,3908.8028,558.4004,15.618142857142857,Corporate,Office Supplies,0
DB-13615,34,7,1989.05,284.15,62.68588571428571,Consumer,Office Supplies,0
DB-13660,13,7,1155.202,165.02885714285713,25.38192857142857,Consumer,Office Supplies,0
DC-12850,38,9,3336.168,370.68533333333335,-160.18125555555554,Consumer,Office Supplies,0
DC-13285,24,5,1174.618,234.9236,26.413639999999997,Consumer,Office Supplies,0
DD-13570,42,6,269.54200000000003,44.92366666666667,6.072399999999999,Consumer,Office Supplies,0
DE-13255,720,5,2550.874,510.17479999999995,92.89428,Home Office,Office Supplies,0
DF-13135,701,3,2390.534,796.8446666666667,-86.43656666666668,Consumer,Office Supplies,0
DG-13300,33,5,3195.818,639.1636000000001,112.55522,Corporate,Office Supplies,0
DH-13075,278,6,4932.872,822.1453333333334,198.95673333333332,Corporate,Office Supplies,0
DH-13675,777,4,1043.096,260.774,29.16675,Home Office,Office Supplies,0
DJ-13420,638,4,2012.52,503.13,120.75874999999999,Corporate,Furniture,0
DJ-13510,49,8,2501.688,312.711,43.1565125,Corporate,Office Supplies,0
DJ-13630,13,3,3356.398,1118.7993333333334,243.85479999999998,Consumer,Office Supplies,0
DK-12835,22,12,3256.48,271.37333333333333,73.4269,Corporate,Office Supplies,0
DK-12895,46,5,4282.176,856.4352000000001,187.52992,Consumer,Office Supplies,0
DK-12985,8,5,1687.04,337.408,-21.47076,Consumer,Office Supplies,0
DK-13090,43,7,2650.5570000000002,378.651,76.62764285714286,Consumer,Office Supplies,0
DK-13150,11,2,797.832,398.916,124.97235,Corporate,Office Supplies,0
DK-13225,11,9,4802.394,533.5993333333333,23.322155555555565,Corporate,Office Supplies,0
DK-13375,20,8,3318.486,414.81075,47.1349875,Consumer,Office Supplies,0
DL-12865,101,8,1503.112,187.889,40.2806125,Consumer,Office Supplies,0
DL-12925,58,6,3272.2,545.3666666666667,0.7022000000000048,Consumer,Office Supplies,0
DL-13315,23,8,1458.258,182.28225,36.10915,Consumer,Office Supplies,0
DL-13330,58,4,585.02,146.255,55.6703,Consumer,Office Supplies,0
DL-13495,77,8,3539.322,442.41525,-6.598499999999998,Corporate,Office Supplies,0
DM-12955,115,7,1322.034,188.86200000000002,15.536900000000001,Corporate,Office Supplies,0
DM-13015,58,7,6345.103,906.4432857142857,239.62758571428571,Consumer,Office Supplies,0
DM-13345,23,8,4074.4719999999998,509.30899999999997,164.882325,Corporate,Office Supplies,0
DM-13525,482,3,1376.792,458.93066666666664,66.5896,Corporate,Office Supplies,0
DN-13690,218,7,2139.79,305.6842857142857,77.22007142857144,Consumer,Furniture,0
DO-13435,134,9,1300.0315,144.44794444444446,-4.3231777777777785,Consumer,Office Supplies,0
DO-13645,27,7,1267.316,181.04514285714285,42.009657142857144,Consumer,Office Supplies,0
DP-13000,127,9,1050.636,116.73733333333332,26.828044444444444,Consumer,Office Supplies,0
DP-13105,7,8,2215.002,276.87525,70.39701249999999,Corporate,Office Supplies,0
DP-13165,813,2,1058.616,529.308,-20.468799999999995,Consumer,Office Supplies,0
DP-13390,359,9,5480.724,608.9693333333333,174.64797777777778,Home Office,Office Supplies,0
DR-12880,4,9,6528.034000000001,725.3371111111112,182.42903333333334,Corporate,Office Supplies,0
DR-12940,51,8,8350.868,1043.8585,358.6345,Home Office,Office Supplies,0
DS-13030,94,4,1762.213,440.55325,48.332975,Home Office,Office Supplies,0
DS-13180,24,9,2881.8128,320.2014222222222,18.188811111111107,Corporate,Office Supplies,0
DV-13045,20,5,1119.483,223.89659999999998,-85.4368,Corporate,Furniture,0
DV-13465,30,6,3341.587,556.9311666666666,58.86878333333333,Consumer,Office Supplies,0
DW-13195,70,6,1080.751,180.12516666666667,-14.47896666666667,Corporate,Furniture,0
DW-13480,218,5,5271.628,1054.3256,269.75112,Home Office,Office Supplies,0
DW-13540,99,5,344.08,68.816,13.93344,Consumer,Office Supplies,0
DW-13585,243,7,1204.854,172.122,-38.12808571428572,Corporate,Office Supplies,0
Dl-13600,120,5,755.602,151.1204,35.04776,Corporate,Office Supplies,0
Dp-13240,85,11,7198.761,654.4328181818182,30.305890909090888,Home Office,Office Supplies,0
EA-14035,153,13,2846.705,218.97730769230768,-4.056969230769228,Corporate,Office Supplies,0
EB-13705,49,9,3644.978,404.99755555555555,1.5135000000000012,Corporate,Office Supplies,0
EB-13750,36,10,3236.314,323.6314,-8.0286,Corporate,Office Supplies,0
EB-13840,91,5,4358.128,871.6256,131.23976,Corporate,Office Supplies,0
EB-13870,101,10,2767.219,276.7219,26.15315,Consumer,Furniture,0
EB-13930,162,5,944.6000000000001,188.92000000000002,0.12084000000000117,Consumer,Office Supplies,0
EB-13975,1,4,1643.255,410.81375,40.719525,Corporate,Office Supplies,0
EB-14110,114,6,3071.126,511.8543333333334,30.79426666666667,Consumer,Furniture,0
EB-14170,83,6,1186.326,197.721,47.028349999999996,Consumer,Office Supplies,0
EC-14050,54,5,461.914,92.3828,19.28512,Consumer,Office Supplies,0
ED-13885,136,8,3484.92,435.615,83.8054375,Home Office,Office Supplies,0
EG-13900,23,5,1832.02,366.404,20.853119999999997,Consumer,Office Supplies,0
EH-13765,136,12,10310.880000000001,859.2400000000001,116.12628333333333,Corporate,Office Supplies,0
EH-13945,218,8,684.1709999999999,85.52137499999999,6.692475000000001,Consumer,Office Supplies,0
EH-13990,406,6,825.95,137.65833333333333,25.06265,Consumer,Office Supplies,0
EH-14005,3,7,1219.53,174.21857142857144,-13.448685714285707,Home Office,Office Supplies,0
EH-14125,153,10,3082.653,308.26529999999997,9.627019999999996,Home Office,Office Supplies,0
EH-14185,106,6,923.8839999999999,153.98066666666665,40.35178333333334,Consumer,Office Supplies,0
EJ-13720,303,4,2162.174,540.5435,96.75439999999999,Consumer,Office Supplies,0
EJ-14155,58,5,2656.691,531.3381999999999,90.3751,Consumer,Furniture,0
EK-13795,45,4,1303.4779999999998,325.86949999999996,24.276649999999997,Home Office,Office Supplies,0
EL-13735,78,2,124.28,62.14,13.5577,Home Office,Furniture,0
EM-13810,133,5,2567.0099999999998,513.4019999999999,-26.765500000000003,Corporate,Furniture,0
EM-13825,56,8,2339.598,292.44975,85.31927499999999,Corporate,Office Supplies,0
EM-13960,152,5,933.704,186.74079999999998,20.4592,Consumer,Office Supplies,0
EM-14065,48,4,228.98999999999998,57.247499999999995,10.038649999999999,Consumer,Office Supplies,0
EM-14095,114,4,1041.042,260.2605,60.05905,Corporate,Office Supplies,0
EM-14140,49,6,4588.436000000001,764.7393333333334,219.89425000000003,Home Office,Office Supplies,0
EM-14200,159,3,366.822,122.274,7.257366666666666,Home Office,Office Supplies,0
EN-13780,288,4,2199.366,549.8415,124.028275,Consumer,Office Supplies,0
EP-13915,13,17,5478.0608,322.23887058823533,8.526929411764705,Consumer,Office Supplies,0
ER-13855,422,3,1245.788,415.2626666666667,-98.57993333333333,Corporate,Office Supplies,0
ES-14020,41,5,3510.4579999999996,702.0916,200.6587,Consumer,Office Supplies,0
ES-14080,29,9,4657.924,517.5471111111111,27.407344444444444,Corporate,Office Supplies,0
FA-14230,98,7,2984.054,426.2934285714286,74.3604142857143,Corporate,Technology,0
FC-14245,71,7,3418.742,488.39171428571433,173.8808857142857,Home Office,Office Supplies,0
FC-14335,185,7,3889.366,555.6237142857143,102.0418,Corporate,Office Supplies,0
FG-14260,35,7,1383.144,197.592,56.39138571428572,Home Office,Office Supplies,0
FH-14275,38,10,4256.272,425.6272,107.32676,Corporate,Office Supplies,0
FH-14350,213,4,2271.284,567.821,176.57225,Consumer,Office Supplies,0
FH-14365,6,8,6987.196,873.3995,256.285325,Corporate,Office Supplies,0
FM-14215,8,10,2456.638,245.66379999999998,24.968080000000004,Corporate,Office Supplies,0
FM-14290,37,9,3736.1980000000003,415.13311111111113,22.012166666666662,Home Office,Office Supplies,0
FM-14380,146,9,2523.266,280.3628888888889,21.276644444444443,Consumer,Office Supplies,0
FO-14305,39,10,2678.438,267.8438,21.559689999999996,Consumer,Office Supplies,0
FP-14320,24,8,4046.746,505.84325,50.8059125,Consumer,Office Supplies,0
FW-14395,363,3,79.75,26.583333333333332,7.830433333333333,Corporate,Technology,0
GA-14515,150,8,3919.7760000000003,489.97200000000004,105.112375,Consumer,Office Supplies,0
GA-14725,6,11,1398.382,127.12563636363637,12.42799090909091,Consumer,Office Supplies,0
GB-14530,63,11,1568.44,142.58545454545455,0.7124636363636376,Corporate,Office Supplies,0
GB-14575,14,5,4716.288,943.2575999999999,227.16786000000002,Consumer,Office Supplies,0
GD-14590,6,4,1888.0700000000002,472.01750000000004,57.734325,Corporate,Office Supplies,0
GG-14650,44,9,2224.0,247.11111111111111,1.4109444444444454,Corporate,Office Supplies,0
GH-14410,76,9,2819.467,313.2741111111111,-64.09261111111111,Home Office,Office Supplies,0
GH-14425,51,4,4172.8460000000005,1043.2115000000001,294.104525,Consumer,Office Supplies,0
GH-14485,388,2,1361.2440000000001,680.6220000000001,-47.7249,Corporate,Furniture,0
GH-14665,3,2,146.9408,73.4704,-2.9051,Consumer,Office Supplies,0
GK-14620,113,9,6497.27,721.9188888888889,160.95027777777779,Corporate,Office Supplies,0
GM-14440,84,7,3582.8199999999997,511.83142857142855,49.60942857142857,Consumer,Furniture,0
GM-14455,17,6,3078.624,513.1039999999999,132.21356666666665,Home Office,Technology,0
GM-14500,107,10,1255.682,125.5682,44.13185,Consumer,Office Supplies,0
GM-14680,153,6,3163.6279999999997,527.2713333333332,5.914416666666665,Consumer,Furniture,0
GM-14695,118,3,6049.965999999999,2016.6553333333331,62.907833333333336,Corporate,Office Supplies,0
GP-14740,766,2,236.53,118.265,15.918799999999997,Corporate,Office Supplies,0
GR-14560,1136,2,1284.38,642.19,179.91660000000002,Corporate,Office Supplies,0
GT-14635,57,3,9351.212,3117.0706666666665,-1369.5529666666669,Corporate,Office Supplies,0
GT-14710,37,11,11820.12,1074.5563636363638,196.67517272727272,Consumer,Office Supplies,0
GT-14755,35,4,226.436,56.609,-1.5347999999999988,Consumer,Office Supplies,0
GW-14605,29,7,2189.0190000000002,312.71700000000004,-38.36318571428571,Consumer,Office Supplies,0
GZ-14470,8,9,4355.150000000001,483.9055555555556,120.86154444444443,Consumer,Office Supplies,0
GZ-14545,158,4,2454.622,613.6555,207.16525000000001,Corporate,Office Supplies,0
HA-14905,70,7,2163.2999999999997,309.0428571428571,38.69391428571429,Consumer,Office Supplies,0
HA-14920,21,8,2584.158,323.01975,12.393062500000003,Consumer,Office Supplies,0
HD-14785,770,3,251.36,83.78666666666668,-45.291999999999994,Home Office,Office Supplies,0
HE-14800,13,4,883.5319999999999,220.88299999999998,68.6007,Corporate,Office Supplies,0
HF-14995,22,7,2533.1639999999998,361.8805714285714,-1.9824000000000004,Consumer,Office Supplies,0
HG-14845,55,5,785.6279999999999,157.1256,29.40064,Consumer,Office Supplies,0
HG-14965,24,12,3247.6420000000003,270.63683333333336,-233.16362500000002,Corporate,Office Supplies,0
HG-15025,7,7,3690.284,527.1834285714286,114.94447142857142,Consumer,Office Supplies,0
HH-15010,73,2,218.668,109.334,43.3671,Corporate,Office Supplies,0
HJ-14875,127,5,358.1,71.62,19.73096,Home Office,Office Supplies,0
HK-14890,152,8,4877.784,609.723,119.61813749999999,Corporate,Office Supplies,0
HL-15040,44,6,12873.297999999999,2145.5496666666663,937.0715333333333,Consumer,Office Supplies,0
HM-14860,3,10,8236.7648,823.6764800000001,243.79836,Corporate,Office Supplies,0
HM-14980,248,4,736.2760000000001,184.06900000000002,29.318875,Consumer,Office Supplies,0
HP-14815,31,7,1990.314,284.33057142857143,53.4091,Home Office,Office Supplies,0
HR-14770,14,5,1299.288,259.8576,37.115880000000004,Home Office,Office Supplies,0
HR-14830,160,7,5248.787,749.8267142857143,170.99291428571428,Corporate,Office Supplies,0
HW-14935,118,8,9300.254,1162.53175,270.5201375,Corporate,Office Supplies,0
HZ-14950,36,5,886.52,177.304,-26.07758,Consumer,Furniture,0
IG-15085,72,4,744.574,186.1435,80.12455,Consumer,Office Supplies,0
IL-15100,143,7,5040.736,720.1051428571428,160.27671428571426,Consumer,Office Supplies,0
IM-15055,410,3,2872.63,957.5433333333334,325.25669999999997,Consumer,Office Supplies,0
IM-15070,391,7,4930.474,704.3534285714286,73.52181428571429,Consumer,Office Supplies,0
JA-15970,93,8,6491.026,811.37825,-102.4277125,Consumer,Office Supplies,0
JB-15400,8,10,1791.605,179.1605,15.605319999999997,Corporate,Office Supplies,0
JB-15925,738,3,900.5519999999999,300.18399999999997,-95.66026666666669,Consumer,Office Supplies,0
JB-16000,44,7,644.1188,92.01697142857142,18.10927142857143,Consumer,Office Supplies,0
JB-16045,8,5,2518.1150000000002,503.62300000000005,40.303700000000006,Home Office,Office Supplies,0
JC-15340,115,4,71.263,17.81575,-0.08889999999999998,Consumer,Office Supplies,0
JC-15385,176,1,1058.108,1058.108,502.92440000000005,Consumer,Office Supplies,-1
JC-15775,159,9,2772.055,308.00611111111107,31.063244444444447,Consumer,Office Supplies,0
JC-16105,58,5,858.576,171.7152,40.31904,Corporate,Office Supplies,0
JD-15790,118,5,2152.352,430.4704,-53.310500000000005,Consumer,Office Supplies,0
JD-15895,395,11,7610.8640000000005,691.8967272727273,95.47879999999999,Corporate,Office Supplies,0
JD-16015,113,6,385.43,64.23833333333333,4.460083333333333,Consumer,Office Supplies,0
JD-16060,301,3,695.442,231.814,37.03803333333334,Consumer,Office Supplies,0
JD-16150,42,8,8828.0305,1103.5038125,202.4399875,Corporate,Furniture,0
JE-15475,194,6,1388.682,231.447,46.03661666666667,Consumer,Office Supplies,0
JE-15610,49,7,7754.976,1107.8537142857142,231.91455714285715,Corporate,Office Supplies,0
JE-15715,47,10,8697.843,869.7843,126.22926,Consumer,Office Supplies,0
JE-15745,52,13,6760.8150000000005,520.0626923076924,17.061284615384615,Consumer,Furniture,0
JE-16165,21,3,2697.248,899.0826666666667,263.21586666666667,Corporate,Office Supplies,0
JF-15190,66,7,2279.5860000000002,325.6551428571429,82.16084285714285,Consumer,Office Supplies,0
JF-15295,226,5,955.124,191.0248,19.4578,Consumer,Office Supplies,0
JF-15355,106,6,1911.844,318.6406666666667,55.033166666666666,Consumer,Office Supplies,0
JF-15415,3,6,2371.4480000000003,395.2413333333334,105.9396,Consumer,Office Supplies,0
JF-15490,122,11,1082.9180000000001,98.44709090909092,-1.6424818181818184,Consumer,Office Supplies,0
JF-15565,55,8,4198.332,524.7915,134.15109999999999,Consumer,Office Supplies,0
JG-15115,759,3,2358.676,786.2253333333333,228.0637,Consumer,Technology,0
JG-15160,2,11,6366.392,578.762909090909,128.69694545454547,Consumer,Office Supplies,0
JG-15310,3,6,2240.58,373.43,0.632933333333335,Corporate,Office Supplies,0
JG-15805,224,6,1507.0179999999998,251.16966666666664,34.350316666666664,Corporate,Office Supplies,0
JH-15430,6,4,309.281,77.32025,-6.019275000000001,Consumer,Office Supplies,0
JH-15820,175,6,528.91,88.15166666666666,4.347033333333333,Consumer,Office Supplies,0
JH-15910,42,7,959.477,137.06814285714285,-1.9363571428571416,Consumer,Office Supplies,0
JH-15985,30,6,7954.998,1325.8329999999999,-107.4497,Consumer,Office Supplies,0
JH-16180,405,4,2256.394,564.0985,-24.238250000000004,Consumer,Furniture,0
JJ-15445,484,5,709.178,141.8356,40.11116,Consumer,Office Supplies,0
JJ-15760,754,2,195.0,97.5,17.224600000000002,Home Office,Office Supplies,0
JK-15205,62,5,4427.142,885.4284,243.9966,Consumer,Office Supplies,0
JK-15325,288,3,383.812,127.93733333333334,18.442566666666668,Corporate,Office Supplies,0
JK-15370,45,8,2709.632,338.704,41.285475,Consumer,Office Supplies,0
JK-15625,62,7,3760.028,537.1468571428571,107.27835714285713,Consumer,Furniture,0
JK-15640,181,9,4760.434,528.9371111111111,130.28114444444444,Home Office,Office Supplies,0
JK-15730,85,10,4867.2,486.71999999999997,5.50483,Consumer,Office Supplies,0
JK-16090,29,3,3747.668,1249.2226666666668,195.5541666666667,Consumer,Office Supplies,0
JK-16120,118,10,2932.484,293.2484,12.26566,Home Office,Office Supplies,0
JL-15130,9,6,1214.9560000000001,202.49266666666668,-34.6326,Consumer,Office Supplies,0
JL-15175,7,5,1571.523,314.3046,41.85634,Home Office,Office Supplies,0
JL-15235,120,5,2203.7,440.73999999999995,10.903480000000005,Consumer,Office Supplies,0
JL-15505,50,6,3173.874,528.9789999999999,98.61938333333335,Consumer,Office Supplies,0
JL-15835,22,11,9799.923,890.9020909090909,20.809727272727272,Consumer,Office Supplies,0
JL-15850,615,6,2725.256,454.2093333333333,129.98409999999998,Consumer,Office Supplies,0
JM-15250,38,6,3159.122,526.5203333333333,3.303916666666671,Consumer,Office Supplies,0
JM-15265,38,5,1804.1460000000002,360.8292,100.52286000000001,Corporate,Office Supplies,0
JM-15535,103,7,1733.443,247.6347142857143,50.93421428571428,Consumer,Furniture,0
JM-15580,1,5,303.948,60.78959999999999,22.62408,Consumer,Office Supplies,0
JM-15655,9,5,864.947,172.9894,23.440800000000003,Corporate,Office Supplies,0
JM-15865,110,7,7625.076,1089.2965714285715,224.94519999999997,Consumer,Office Supplies,0
JM-16195,58,10,2833.926,283.3926,75.41144,Consumer,Office Supplies,0
JO-15145,58,9,3254.949,361.661,64.6005,Corporate,Office Supplies,0
JO-15280,93,6,1934.272,322.3786666666667,33.68936666666667,Consumer,Office Supplies,0
JO-15550,216,5,1090.838,218.1676,33.53418,Home Office,Office Supplies,0
JP-15460,38,7,1669.135,238.44785714285715,61.39235714285714,Corporate,Office Supplies,0
JP-15520,9,7,3635.594,519.3705714285715,108.1686,Consumer,Office Supplies,0
JP-16135,103,9,1707.71,189.74555555555557,34.4124,Home Office,Office Supplies,0
JR-15670,594,2,1156.658,578.329,-392.58225,Consumer,Office Supplies,-1
JR-15700,69,1,863.88,863.88,107.985,Consumer,Technology,0
JR-16210,34,5,2201.686,440.33720000000005,90.47460000000001,Corporate,Office Supplies,0
JS-15595,120,4,1417.654,354.4135,-43.88725,Corporate,Office Supplies,0
JS-15685,43,4,1131.064,282.766,-13.717300000000002,Corporate,Office Supplies,0
JS-15880,535,5,3868.0199999999995,773.6039999999999,112.99596,Consumer,Office Supplies,0
JS-15940,464,5,469.169,93.8338,-65.58672,Home Office,Office Supplies,0
JS-16030,29,6,2516.494,419.4156666666667,-51.87624999999999,Consumer,Office Supplies,0
JW-15220,43,6,7721.714,1286.9523333333334,362.28489999999994,Corporate,Furniture,0
JW-15955,6,7,1244.086,177.72657142857142,-4.22512857142857,Consumer,Furniture,0
JW-16075,462,4,1428.731,357.18275,38.515924999999996,Consumer,Office Supplies,0
KA-16525,37,7,1519.506,217.07228571428573,33.559914285714285,Consumer,Office Supplies,0
KB-16240,5,7,3152.615,450.3735714285714,109.12965714285714,Corporate,Office Supplies,0
KB-16315,297,9,1569.464,174.3848888888889,5.5243666666666655,Consumer,Office Supplies,0
KB-16405,118,3,908.821,302.94033333333334,91.43233333333335,Home Office,Office Supplies,0
KB-16585,231,12,2744.742,228.72850000000003,48.27959166666667,Corporate,Office Supplies,0
KB-16600,2,7,983.9220000000001,140.56028571428573,41.936057142857145,Corporate,Office Supplies,0
KC-16255,408,6,2120.954,353.49233333333336,141.02028333333334,Corporate,Office Supplies,0
KC-16540,98,4,3908.262,977.0655,177.355475,Consumer,Office Supplies,0
KC-16675,58,4,1146.05,286.5125,39.194925,Corporate,Office Supplies,0
KD-16270,485,5,8282.358,1656.4716,221.53904000000003,Consumer,Office Supplies,0
KD-16345,42,6,1888.964,314.82733333333334,54.7657,Consumer,Office Supplies,0
KD-16495,113,12,8181.256,681.7713333333334,253.21878333333333,Corporate,Office Supplies,0
KD-16615,290,5,2243.51,448.70200000000006,107.94438,Corporate,Office Supplies,0
KE-16420,27,8,1686.7312,210.8414,49.734987499999995,Corporate,Office Supplies,0
KF-16285,98,7,10604.266,1514.895142857143,237.16265714285714,Home Office,Office Supplies,0
KH-16330,41,8,3312.864,414.108,56.8483875,Corporate,Office Supplies,0
KH-16360,2,6,3100.612,516.7686666666667,88.03418333333333,Consumer,Office Supplies,0
KH-16510,23,7,5952.859,850.4084285714287,93.73088571428572,Consumer,Office Supplies,0
KH-16630,59,9,3918.9660000000003,435.4406666666667,80.81984444444444,Corporate,Office Supplies,0
KH-16690,3,7,5990.799,855.8284285714286,175.35844285714285,Corporate,Office Supplies,0
KL-16555,17,8,5016.488,627.061,-22.847662500000006,Corporate,Office Supplies,0
KL-16645,48,12,14175.229,1181.2690833333334,67.23791666666666,Consumer,Office Supplies,0
KM-16225,15,6,2260.958,376.82633333333337,105.85095,Corporate,Office Supplies,0
KM-16375,57,8,5620.186,702.52325,121.72377499999999,Home Office,Office Supplies,0
KM-16660,16,5,453.538,90.7076,18.22782,Consumer,Office Supplies,0
KM-16720,29,8,4909.472,613.684,93.2210625,Consumer,Office Supplies,0
KN-16390,20,9,2617.272,290.808,-16.794644444444444,Corporate,Office Supplies,0
KN-16450,53,5,2171.962,434.3924,22.86166,Corporate,Office Supplies,0
KN-16705,99,8,2280.58,285.0725,41.220312500000006,Home Office,Office Supplies,0
KS-16300,296,3,88.47200000000001,29.49066666666667,0.03699999999999962,Corporate,Office Supplies,0
KT-16465,392,7,3057.1,436.7285714285714,36.28617142857143,Consumer,Office Supplies,0
KT-16480,101,10,4642.088400000001,464.20884000000007,19.40671,Consumer,Office Supplies,0
KW-16435,97,5,4416.52,883.3040000000001,351.227,Consumer,Technology,0
KW-16570,772,4,449.096,112.274,26.981749999999998,Consumer,Furniture,0
LA-16780,155,11,8673.222,788.4747272727273,187.1927181818182,Corporate,Office Supplies,0
LB-16735,49,3,50.188,16.729333333333333,6.2169,Consumer,Office Supplies,0
LB-16795,153,8,4985.676,623.2095,-6.5238749999999985,Home Office,Office Supplies,0
LC-16870,28,8,2580.7039999999997,322.58799999999997,-23.5313875,Consumer,Office Supplies,0
LC-16885,17,12,7663.126,638.5938333333334,107.36224166666666,Consumer,Furniture,0
LC-16930,42,8,4492.946,561.61825,36.03325,Corporate,Office Supplies,0
LC-16960,437,4,3246.626,811.6565,74.87004999999999,Home Office,Office Supplies,0
LC-17050,55,5,2095.064,419.01279999999997,17.3556,Consumer,Furniture,0
LC-17140,14,9,2633.582,292.6202222222222,25.680577777777778,Consumer,Office Supplies,0
LD-16855,553,1,5.304,5.304,0.4641,Corporate,Office Supplies,0
LD-17005,415,4,1961.934,490.4835,139.29285,Consumer,Office Supplies,0
LE-16810,22,6,1469.45,244.90833333333333,26.960816666666663,Consumer,Office Supplies,0
LF-17185,23,7,3930.509,561.5012857142857,-511.99671428571435,Consumer,Office Supplies,0
LH-16750,152,3,287.426,95.80866666666667,4.209233333333333,Consumer,Office Supplies,0
LH-16900,22,9,2295.332,255.03688888888888,58.45252222222223,Consumer,Technology,0
LH-17020,240,4,318.239,79.55975,-60.684975,Consumer,Office Supplies,0
LH-17155,386,9,1739.689,193.2987777777778,35.16891111111111,Consumer,Office Supplies,0
LL-16840,250,6,2741.2039999999997,456.8673333333333,93.33463333333334,Consumer,Office Supplies,0
LM-17065,392,5,1346.774,269.35479999999995,-8.975599999999998,Consumer,Office Supplies,0
LO-17170,3,5,644.35,128.87,30.03424,Corporate,Furniture,0
LP-17080,41,4,756.606,189.1515,27.695325,Consumer,Office Supplies,0
LP-17095,10,7,3653.399,521.9141428571428,48.34934285714286,Consumer,Office Supplies,0
LR-16915,27,6,5142.892,857.1486666666666,89.24606666666666,Consumer,Office Supplies,0
LR-17035,133,5,1879.306,375.8612,-76.56158,Corporate,Office Supplies,0
LS-16945,179,6,2845.27,474.21166666666664,-53.128949999999996,Corporate,Office Supplies,0
LS-16975,21,9,2988.674,332.0748888888889,29.181855555555543,Home Office,Office Supplies,0
LS-17200,97,6,1010.2560000000001,168.376,40.6995,Corporate,Office Supplies,0
LS-17230,778,3,368.88,122.96,13.065066666666667,Consumer,Office Supplies,0
LS-17245,35,6,1008.136,168.02266666666665,58.059733333333334,Consumer,Office Supplies,0
LT-16765,27,3,329.876,109.95866666666666,19.67866666666667,Consumer,Office Supplies,0
LT-17110,35,8,2936.252,367.0315,40.121625,Consumer,Office Supplies,0
LW-16825,89,5,2238.061,447.61220000000003,6.515340000000004,Corporate,Office Supplies,0
LW-16990,34,6,3230.308,538.3846666666667,110.47231666666669,Corporate,Furniture,0
LW-17125,206,3,1259.04,419.68,64.2104,Consumer,Furniture,0
LW-17215,22,7,5420.514,774.3591428571428,119.60587142857143,Consumer,Office Supplies,0
MA-17560,65,11,4299.161,390.8328181818182,112.74787272727272,Home Office,Office Supplies,0
MA-17995,187,6,2453.284,408.8806666666667,46.79703333333333,Home Office,Office Supplies,0
MB-17305,49,10,1548.702,154.8702,21.2425,Consumer,Office Supplies,0
MB-18085,45,7,1428.231,204.033,16.829385714285714,Consumer,Office Supplies,0
MC-17275,77,8,2725.982,340.74775,57.625175,Consumer,Office Supplies,0
MC-17425,400,5,4432.138,886.4276,360.47806,Corporate,Office Supplies,0
MC-17575,28,8,1303.893,162.986625,26.3436625,Consumer,Office Supplies,0
MC-17590,52,6,2426.067,404.3445,48.16401666666667,Corporate,Office Supplies,0
MC-17605,113,8,2258.192,282.274,24.431075,Corporate,Office Supplies,0
MC-17635,190,4,795.154,198.7885,-61.98587500000001,Corporate,Office Supplies,0
MC-17845,2,7,3805.714,543.6734285714285,99.7739142857143,Consumer,Office Supplies,0
MC-18100,42,10,2218.98,221.898,-6.416680000000001,Consumer,Office Supplies,0
MC-18130,370,5,1581.998,316.3996,24.3513,Corporate,Office Supplies,0
MD-17350,118,7,3766.382,538.0545714285714,-34.56428571428571,Consumer,Office Supplies,0
MD-17860,37,5,1204.91,240.98200000000003,-0.8080600000000004,Corporate,Office Supplies,0
ME-17320,43,10,10663.728000000001,1066.3728,185.94695,Home Office,Office Supplies,0
ME-17725,29,8,1908.4532,238.55665,9.726600000000001,Consumer,Office Supplies,0
ME-18010,93,4,1256.944,314.236,26.8401,Corporate,Office Supplies,0
MF-17665,422,5,937.039,187.4078,-68.3053,Corporate,Office Supplies,0
MF-18250,8,5,1758.3,351.65999999999997,91.37216000000001,Corporate,Office Supplies,0
MG-17650,30,7,3785.276,540.7537142857143,48.84257142857143,Home Office,Office Supplies,0
MG-17680,93,4,2350.188,587.547,6.472149999999999,Home Office,Furniture,0
MG-17695,556,3,1342.282,447.4273333333333,-132.93106666666665,Consumer,Office Supplies,0
MG-17875,117,5,1242.833,248.56660000000002,-94.15368,Home Office,Office Supplies,0
MG-17890,100,9,776.384,86.26488888888889,19.08191111111111,Home Office,Office Supplies,0
MG-18145,85,4,3061.543,765.38575,-23.400749999999995,Consumer,Office Supplies,0
MG-18205,265,1,16.739,16.739,-1.2453,Corporate,Furniture,0
MH-17290,120,6,2394.025,399.00416666666666,4.793533333333335,Home Office,Office Supplies,0
MH-17440,377,4,400.01599999999996,100.00399999999999,15.357149999999999,Corporate,Office Supplies,0
MH-17455,86,8,2456.1820000000002,307.02275000000003,60.5966625,Consumer,Office Supplies,0
MH-17620,156,4,1252.8,313.2,30.5903,Corporate,Office Supplies,0
MH-17785,99,7,2203.778,314.8254285714285,34.080200000000005,Corporate,Office Supplies,0
MH-18025,50,5,2984.948,596.9896,95.38064,Consumer,Furniture,0
MH-18115,6,9,5503.093,611.4547777777777,18.997177777777782,Home Office,Office Supplies,0
MJ-17740,23,7,6320.746,902.9637142857143,150.65041428571428,Consumer,Office Supplies,0
MK-17905,29,8,2302.368,287.796,-50.66948750000001,Corporate,Office Supplies,0
MK-18160,241,4,1031.602,257.9005,56.95845,Consumer,Office Supplies,0
ML-17395,70,9,2722.843,302.5381111111111,76.1018,Corporate,Office Supplies,0
ML-17410,55,6,2921.5,486.9166666666667,-12.695916666666667,Consumer,Office Supplies,0
ML-17755,30,7,2071.914,295.98771428571433,58.501599999999996,Home Office,Office Supplies,0
ML-18040,80,3,742.082,247.36066666666667,46.238733333333336,Corporate,Office Supplies,0
ML-18265,101,2,162.232,81.116,21.3324,Consumer,Technology,0
MM-17260,169,4,1314.0230000000001,328.50575000000003,44.6005,Consumer,Furniture,0
MM-17920,8,11,3794.08,344.91636363636366,7.4659090909090935,Consumer,Office Supplies,0
MM-18055,62,8,2749.881,343.735125,-65.0430375,Consumer,Office Supplies,0
MM-18280,86,9,775.414,86.1571111111111,6.543511111111111,Corporate,Office Supplies,0
MN-17935,35,6,2477.946,412.991,48.47045,Consumer,Office Supplies,0
MO-17500,73,4,922.487,230.62175,14.839424999999999,Consumer,Furniture,0
MO-17800,105,8,1687.0269999999998,210.87837499999998,21.1679625,Home Office,Furniture,0
MO-17950,181,2,154.288,77.144,-41.0037,Consumer,Technology,0
MP-17470,720,7,3206.132,458.01885714285714,85.75532857142856,Home Office,Office Supplies,0
MP-17965,73,9,3983.642,442.62688888888886,70.90625555555556,Corporate,Office Supplies,0
MP-18175,17,9,5087.92,565.3244444444445,25.16143333333334,Home Office,Office Supplies,0
MR-17545,126,4,639.178,159.7945,40.734075,Home Office,Office Supplies,0
MS-17365,274,10,7443.69,744.3689999999999,84.49355,Consumer,Office Supplies,0
MS-17530,435,4,475.656,118.914,21.0067,Consumer,Furniture,0
MS-17710,414,6,1613.402,268.9003333333333,41.239133333333335,Consumer,Office Supplies,0
MS-17770,122,9,3144.678,349.40866666666665,31.20648888888889,Consumer,Office Supplies,0
MS-17830,453,4,370.348,92.587,4.8578,Consumer,Furniture,0
MS-17980,27,6,855.116,142.51933333333332,9.204333333333334,Corporate,Office Supplies,0
MT-17815,50,6,2890.139,481.68983333333335,84.83446666666667,Consumer,Office Supplies,0
MT-18070,204,4,1319.4497999999999,329.86244999999997,-5.919074999999999,Home Office,Office Supplies,0
MV-17485,28,9,1560.05,173.33888888888887,21.002866666666662,Consumer,Office Supplies,0
MV-18190,20,7,1734.574,247.79628571428572,39.1226,Consumer,Office Supplies,0
MW-18220,18,7,5341.9,763.1285714285714,176.9174285714286,Consumer,Technology,0
MW-18235,45,2,5253.876,2626.938,832.758,Corporate,Technology,0
MY-17380,30,7,2254.285,322.0407142857143,45.58872857142857,Corporate,Office Supplies,0
MY-18295,72,11,4152.696,377.5178181818182,-33.79191818181818,Corporate,Office Supplies,0
MZ-17335,31,4,593.606,148.4015,21.254775,Home Office,Office Supplies,0
MZ-17515,283,6,2564.906,427.4843333333333,131.29171666666667,Corporate,Office Supplies,0
NB-18580,1166,2,273.87199999999996,136.93599999999998,12.394400000000001,Corporate,Furniture,0
NB-18655,20,9,1972.599,219.17766666666665,13.071433333333333,Corporate,Office Supplies,0
NC-18340,225,5,2461.404,492.2808,116.0615,Consumer,Office Supplies,0
NC-18415,42,6,2218.9900000000002,369.8316666666667,-367.4678666666667,Consumer,Office Supplies,0
NC-18535,7,7,8241.739,1177.3912857142857,187.82257142857142,Corporate,Office Supplies,0
NC-18625,205,5,1821.7420000000002,364.3484,-71.8042,Corporate,Office Supplies,0
ND-18370,28,9,4326.139,480.6821111111111,39.29394444444444,Consumer,Office Supplies,0
ND-18460,184,6,2893.455,482.2425,73.88946666666668,Corporate,Office Supplies,0
NF-18385,80,7,8322.826,1188.9751428571428,-242.28162857142857,Consumer,Furniture,0
NF-18475,526,4,377.16200000000003,94.29050000000001,21.481949999999998,Home Office,Office Supplies,0
NF-18595,115,7,2031.472,290.2102857142857,55.45901428571428,Home Office,Office Supplies,0
NG-18355,49,5,1869.58,373.916,62.72670000000001,Corporate,Office Supplies,0
NG-18430,49,5,1395.9379999999999,279.1876,43.417860000000005,Consumer,Office Supplies,0
NH-18610,190,7,2673.29,381.8985714285714,108.59522857142856,Corporate,Office Supplies,0
NK-18490,71,7,572.048,81.72114285714285,17.316814285714287,Home Office,Office Supplies,0
NL-18310,59,4,1418.0900000000001,354.52250000000004,85.909525,Home Office,Office Supplies,0
NM-18445,161,7,6459.344,922.7634285714286,393.09784285714284,Home Office,Office Supplies,0
NM-18520,245,10,2161.9790000000003,216.19790000000003,78.89525,Consumer,Office Supplies,0
NP-18325,26,6,5529.62,921.6033333333334,201.4815,Consumer,Office Supplies,0
NP-18670,59,5,3908.402,781.6804,102.92004,Consumer,Office Supplies,0
NP-18685,407,6,1228.698,204.78300000000002,85.75028333333334,Home Office,Office Supplies,0
NP-18700,139,7,7903.1825,1129.0260714285714,90.17545714285714,Consumer,Office Supplies,0
NR-18550,211,5,2367.277,473.4554,-5.029759999999993,Consumer,Office Supplies,0
NS-18505,7,4,2575.863,643.96575,-3.0760000000000005,Consumer,Office Supplies,0
NS-18640,175,13,2964.823,228.0633076923077,-18.05933846153846,Corporate,Office Supplies,0
NW-18400,173,7,7234.014,1033.4305714285715,146.16042857142855,Consumer,Office Supplies,0
NZ-18565,86,9,2488.31,276.4788888888889,44.71373333333334,Home Office,Office Supplies,0
ON-18715,411,9,1567.52,174.1688888888889,-0.6543333333333344,Corporate,Office Supplies,0
OT-18730,66,5,3818.624,763.7248,-185.02406000000002,Consumer,Office Supplies,0
PA-19060,104,6,729.408,121.568,37.64313333333333,Home Office,Office Supplies,0
PB-18805,26,3,740.356,246.78533333333334,76.40856666666666,Home Office,Office Supplies,0
PB-19105,58,4,688.324,172.081,54.539925000000004,Consumer,Office Supplies,0
PB-19150,98,8,1456.95,182.11875,35.082575,Consumer,Office Supplies,0
PB-19210,689,2,132.738,66.369,10.948500000000001,Corporate,Office Supplies,0
PC-18745,3,4,1832.064,458.016,68.17125,Corporate,Office Supplies,0
PC-19000,883,2,1061.488,530.744,-92.1682,Home Office,Office Supplies,0
PF-19120,836,4,9062.864,2265.716,-153.573575,Consumer,Office Supplies,-1
PF-19165,197,6,2770.0,461.6666666666667,32.81231666666665,Consumer,Office Supplies,0
PF-19225,115,5,2206.128,441.22560000000004,118.26236000000002,Consumer,Office Supplies,0
PG-18820,37,13,3086.907,237.45438461538464,10.573946153846162,Consumer,Office Supplies,0
PG-18895,58,9,1987.164,220.796,37.16847777777778,Consumer,Office Supplies,0
PH-18790,71,1,729.648,729.648,47.8878,Home Office,Furniture,0
PJ-18835,40,8,1220.09,152.51125,55.2669375,Corporate,Office Supplies,0
PJ-19015,135,7,1824.2340000000002,260.60485714285716,97.57112857142859,Consumer,Furniture,0
PK-18910,484,2,1441.152,720.576,-399.3525,Home Office,Office Supplies,-1
PK-19075,10,12,8646.934,720.5778333333333,169.85563333333334,Consumer,Office Supplies,0
PL-18925,16,5,239.481,47.8962,-0.15054000000000017,Home Office,Office Supplies,0
PM-18940,387,3,1405.4019999999998,468.4673333333333,52.6256,Consumer,Furniture,0
PM-19135,52,4,4115.662,1028.9155,131.688425,Home Office,Technology,0
PN-18775,31,8,1467.152,183.394,24.00495,Home Office,Office Supplies,0
PO-18850,5,11,7473.8282,679.4389272727273,3.4977909090909134,Consumer,Office Supplies,0
PO-18865,1,7,2493.214,356.1734285714286,62.55047142857143,Consumer,Office Supplies,0
PO-19180,161,9,4893.043,543.6714444444444,128.38145555555556,Home Office,Office Supplies,0
PO-19195,87,5,1056.8580000000002,211.37160000000003,-9.94018,Home Office,Office Supplies,0
PP-18955,98,10,7252.608,725.2608,149.50854,Home Office,Office Supplies,0
PR-18880,37,5,1840.1779999999999,368.0356,49.52452,Consumer,Furniture,0
PS-18760,108,6,2181.479,363.5798333333333,-22.406833333333328,Consumer,Office Supplies,0
PS-18970,70,8,1278.639,159.829875,24.8137375,Home Office,Office Supplies,0
PS-19045,237,7,6843.634,977.662,248.96138571428568,Home Office,Office Supplies,0
PT-19090,72,4,160.572,40.143,-5.0127,Consumer,Office Supplies,0
PV-18985,90,5,2876.0460000000003,575.2092,86.90568,Home Office,Office Supplies,0
PW-19030,47,10,3454.916,345.4916,80.38169,Corporate,Office Supplies,0
PW-19240,465,7,3922.415,560.345,184.3362857142857,Consumer,Office Supplies,0
QJ-19255,26,9,6108.338,678.7042222222221,133.74186666666665,Corporate,Office Supplies,0
RA-19285,6,9,2617.906,290.8784444444444,60.67646666666667,Consumer,Office Supplies,0
RA-19885,44,7,3832.3140000000003,547.4734285714286,184.69508571428574,Corporate,Office Supplies,0
RA-19915,13,9,4793.543,532.6158888888889,33.87414444444445,Consumer,Office Supplies,0
RA-19945,62,5,1686.9225,337.3845,-89.13899999999998,Consumer,Office Supplies,0
RB-19330,69,2,1008.1959999999999,504.09799999999996,-82.2031,Consumer,Office Supplies,0
RB-19360,97,6,15117.339,2519.5565,1162.68265,Consumer,Office Supplies,0
RB-19435,20,8,2663.086,332.88575,59.6549875,Consumer,Office Supplies,0
RB-19465,10,12,4715.466,392.95550000000003,53.378883333333334,Home Office,Office Supplies,0
RB-19570,26,5,528.546,105.70920000000001,15.37758,Consumer,Office Supplies,0
RB-19645,649,5,221.084,44.2168,14.5358,Corporate,Office Supplies,0
RB-19705,55,4,2067.45,516.8625,60.768874999999994,Home Office,Office Supplies,0
RB-19795,33,8,5633.316000000001,704.1645000000001,-57.71665,Home Office,Office Supplies,0
RC-19825,370,6,966.409,161.06816666666666,10.665233333333333,Consumer,Office Supplies,0
RC-19960,111,6,885.752,147.62533333333332,1.7605499999999996,Consumer,Office Supplies,0
RD-19480,73,8,4272.929999999999,534.1162499999999,60.07425,Consumer,Office Supplies,0
RD-19585,181,10,2912.894,291.2894,73.45158,Consumer,Office Supplies,0
RD-19660,115,5,2786.632,557.3264,167.1544,Home Office,Office Supplies,0
RD-19720,22,10,1419.737,141.9737,20.73304,Consumer,Office Supplies,0
RD-19810,15,8,1137.616,142.202,39.8078125,Home Office,Office Supplies,0
RD-19900,115,9,3133.924,348.21377777777775,50.614355555555555,Consumer,Office Supplies,0
RD-19930,43,4,970.942,242.7355,8.764350000000004,Consumer,Office Supplies,0
RE-19405,1098,1,48.36,48.36,6.045,Consumer,Office Supplies,-1
RE-19450,303,5,876.696,175.3392,41.84588,Consumer,Office Supplies,0
RF-19345,391,8,3309.15,413.64375,79.2134,Corporate,Office Supplies,0
RF-19735,90,7,2341.2960000000003,334.4708571428572,101.65954285714285,Consumer,Office Supplies,0
RF-19840,7,8,945.222,118.15275,35.0032625,Consumer,Office Supplies,0
RH-19495,33,5,3621.376,724.2752,112.75754000000002,Consumer,Office Supplies,0
RH-19510,468,6,6979.18,1163.1966666666667,214.90891666666667,Home Office,Office Supplies,0
RH-19555,520,2,740.382,370.191,0.15285000000000082,Consumer,Office Supplies,0
RH-19600,535,3,2085.7400000000002,695.2466666666668,57.542033333333336,Consumer,Office Supplies,0
RK-19300,120,3,1460.192,486.73066666666665,89.896,Consumer,Office Supplies,0
RL-19615,122,8,6234.91,779.36375,61.018550000000005,Consumer,Office Supplies,0
RM-19375,346,6,1453.474,242.24566666666666,65.35831666666667,Consumer,Office Supplies,0
RM-19675,7,5,5979.0960000000005,1195.8192000000001,380.50876,Home Office,Technology,0
RM-19750,300,1,98.35,98.35,28.6879,Consumer,Furniture,0
RO-19780,36,7,3815.478,545.0682857142857,-180.36737142857143,Consumer,Office Supplies,0
RP-19270,497,4,954.6451999999999,238.66129999999998,14.884599999999999,Corporate,Office Supplies,0
RP-19390,34,12,5153.084,429.42366666666663,38.770858333333344,Consumer,Office Supplies,0
RP-19855,29,8,2170.716,271.3395,74.32335,Corporate,Office Supplies,0
RR-19315,20,2,615.932,307.966,-36.9175,Consumer,Furniture,0
RR-19525,171,6,3302.262,550.3770000000001,120.28043333333333,Corporate,Office Supplies,0
RS-19420,77,5,3221.29,644.258,126.69027999999999,Corporate,Office Supplies,0
RS-19765,37,8,4159.77,519.97125,150.7981375,Corporate,Office Supplies,0
RS-19870,20,2,22.328,11.164,4.7919,Home Office,Office Supplies,0
RW-19540,121,7,7397.401000000001,1056.7715714285716,226.66104285714286,Corporate,Office Supplies,0
RW-19630,90,9,3279.746,364.41622222222225,77.64805555555556,Corporate,Office Supplies,0
RW-19690,80,5,3495.646,699.1292000000001,141.51006,Consumer,Office Supplies,0
SA-20830,64,10,4767.3415,476.73415000000006,61.014959999999995,Consumer,Office Supplies,0
SB-20170,202,3,1348.02,449.34,52.55526666666666,Consumer,Office Supplies,0
SB-20185,189,6,6410.996,1068.4993333333334,147.57706666666664,Consumer,Technology,0
SB-20290,48,7,8057.891,1151.1272857142856,-297.5350142857143,Corporate,Office Supplies,0
SC-20020,782,5,3362.9636,672.59272,-63.41016,Consumer,Office Supplies,0
SC-20050,41,9,4624.572,513.8413333333333,112.41603333333333,Home Office,Office Supplies,0
SC-20095,350,9,14142.334,1571.3704444444445,639.7124333333333,Consumer,Office Supplies,1
SC-20230,150,4,4371.9580000000005,1092.9895000000001,110.03524999999999,Corporate,Office Supplies,0
SC-20260,188,8,3729.793,466.224125,83.87542499999999,Corporate,Office Supplies,0
SC-20305,30,7,3979.0649999999996,568.4378571428571,32.737385714285715,Consumer,Office Supplies,0
SC-20380,31,9,5992.536,665.8373333333334,26.29572222222222,Consumer,Office Supplies,0
SC-20440,37,7,1874.998,267.85685714285717,54.223014285714285,Corporate,Office Supplies,0
SC-20575,93,5,902.7280000000001,180.5456,20.04506,Consumer,Office Supplies,0
SC-20680,127,6,1254.64,209.10666666666668,61.692966666666656,Home Office,Office Supplies,0
SC-20695,90,10,2576.408,257.6408,61.18290999999999,Corporate,Office Supplies,0
SC-20725,188,11,5226.21,475.11,116.05920909090909,Consumer,Office Supplies,0
SC-20770,42,7,4492.657,641.8081428571429,-95.88391428571428,Corporate,Office Supplies,0
SC-20800,31,4,279.25600000000003,69.81400000000001,12.9563,Consumer,Office Supplies,0
SC-20845,132,2,280.632,140.316,15.58785,Consumer,Office Supplies,0
SD-20485,201,9,6121.114,680.1237777777777,220.57413333333332,Home Office,Office Supplies,0
SE-20110,10,11,12209.438000000002,1109.9489090909092,240.97062727272726,Consumer,Office Supplies,0
SF-20065,60,7,763.546,109.078,32.594614285714286,Consumer,Office Supplies,0
SF-20200,60,9,3422.786,380.30955555555556,31.87828888888889,Consumer,Office Supplies,0
SF-20965,49,9,3336.5350000000003,370.72611111111115,59.9928,Corporate,Office Supplies,0
SG-20080,9,3,3406.581,1135.527,190.146,Consumer,Office Supplies,0
SG-20470,184,8,1884.7980000000002,235.59975000000003,-14.876312500000001,Consumer,Office Supplies,0
SG-20605,109,6,3124.8320000000003,520.8053333333334,77.2115,Consumer,Office Supplies,0
SG-20890,227,3,47.946,15.982,-1.2357666666666667,Corporate,Office Supplies,0
SH-19975,30,13,3406.8395,262.0645769230769,42.95953846153846,Corporate,Office Supplies,0
SH-20395,24,10,2180.718,218.0718,-14.45229,Consumer,Office Supplies,0
SH-20635,766,2,2096.392,1048.196,130.3129,Corporate,Furniture,0
SJ-20125,96,12,3949.656,329.138,12.00990833333333,Home Office,Office Supplies,0
SJ-20215,30,6,1341.036,223.506,-3.91895,Consumer,Furniture,0
SJ-20500,254,5,1318.776,263.7552,13.619259999999997,Consumer,Office Supplies,0
SK-19990,9,3,883.409,294.4696666666667,56.26443333333333,Consumer,Office Supplies,0
SL-20155,71,7,3053.012,436.14457142857145,75.42450000000001,Home Office,Office Supplies,0
SM-20005,422,4,244.494,61.1235,-6.648175000000002,Consumer,Office Supplies,0
SM-20320,80,5,25043.05,5008.61,-396.14786000000004,Home Office,Office Supplies,0
SM-20905,607,1,1043.041,1043.041,-237.2885,Consumer,Technology,-1
SM-20950,26,12,5563.392,463.616,48.46451666666667,Corporate,Office Supplies,0
SN-20560,112,6,1860.4180000000001,310.0696666666667,-119.47608333333335,Home Office,Office Supplies,0
SN-20710,80,7,3127.9592,446.85131428571424,68.82141428571428,Home Office,Office Supplies,0
SO-20335,30,6,2602.5755,433.76258333333334,-13.5143,Consumer,Furniture,0
SP-20545,328,6,1306.086,217.681,-19.79595,Corporate,Office Supplies,0
SP-20620,48,9,5440.319,604.4798888888889,-30.04757777777778,Corporate,Office Supplies,0
SP-20650,387,9,1872.436,208.04844444444444,29.830911111111114,Corporate,Office Supplies,0
SP-20860,80,10,4282.9400000000005,428.29400000000004,56.67226000000001,Corporate,Office Supplies,0
SP-20920,71,6,3990.6890000000003,665.1148333333334,2.448733333333333,Consumer,Office Supplies,0
SR-20425,9,5,3233.4809999999998,646.6962,-666.78288,Home Office,Office Supplies,0
SR-20740,197,8,4345.8859999999995,543.2357499999999,248.80304999999998,Home Office,Office Supplies,0
SS-20140,16,8,1324.028,165.5035,41.5435875,Corporate,Office Supplies,0
SS-20410,111,6,3056.807,509.4678333333333,-168.49563333333333,Consumer,Office Supplies,0
SS-20515,492,3,613.4000000000001,204.4666666666667,66.64483333333334,Home Office,Office Supplies,0
SS-20590,433,6,418.49,69.74833333333333,22.590016666666667,Consumer,Office Supplies,0
SS-20875,121,5,964.636,192.9272,-15.1172,Consumer,Office Supplies,0
ST-20530,126,7,433.34000000000003,61.90571428571429,12.063128571428573,Consumer,Office Supplies,0
SU-20665,21,7,2595.364,370.76628571428574,109.06741428571429,Home Office,Office Supplies,0
SV-20365,102,10,11470.949999999999,1147.0949999999998,119.94242,Consumer,Furniture,0
SV-20785,321,9,4105.305,456.14500000000004,53.89191111111111,Consumer,Office Supplies,0
SV-20815,77,4,1271.0900000000001,317.77250000000004,49.91255,Corporate,Office Supplies,0
SV-20935,3,8,1903.491,237.936375,13.361400000000001,Consumer,Office Supplies,0
SW-20245,82,7,1085.078,155.01114285714286,-2.8008857142857155,Consumer,Office Supplies,0
SW-20275,31,6,1966.6499999999999,327.775,55.47875,Consumer,Office Supplies,0
SW-20350,163,3,1019.044,339.6813333333333,31.9461,Home Office,Office Supplies,0
SW-20455,163,7,2921.544,417.3634285714285,113.37925714285714,Consumer,Office Supplies,0
SW-20755,535,2,758.696,379.348,34.1208,Corporate,Office Supplies,0
SZ-20035,36,11,3625.329,329.57536363636365,33.311845454545455,Home Office,Office Supplies,0
TA-21385,70,4,14595.62,3648.905,1175.947075,Home Office,Office Supplies,0
TB-21055,120,5,1467.881,293.57620000000003,78.04226,Consumer,Office Supplies,0
TB-21175,59,4,3589.296,897.324,207.290875,Corporate,Office Supplies,0
TB-21190,50,4,816.1740000000001,204.04350000000002,44.75095,Home Office,Furniture,0
TB-21250,350,7,1602.376,228.91085714285714,37.230785714285716,Consumer,Office Supplies,0
TB-21280,584,6,2198.4500000000003,366.40833333333336,81.82611666666666,Consumer,Office Supplies,0
TB-21355,147,5,834.328,166.8656,53.7934,Corporate,Office Supplies,0
TB-21400,203,7,9133.99,1304.8557142857142,399.7669857142857,Consumer,Office Supplies,0
TB-21520,108,9,4737.486,526.3873333333333,-178.11612222222223,Consumer,Office Supplies,0
TB-21595,286,5,1387.5590000000002,277.51180000000005,-27.28182,Consumer,Furniture,0
TB-21625,31,9,2797.668,310.85200000000003,42.20911111111111,Consumer,Office Supplies,0
TC-20980,400,5,19052.218,3810.4436,1796.2647800000002,Corporate,Office Supplies,1
TC-21145,107,1,1038.26,1038.26,265.5332,Corporate,Furniture,0
TC-21295,28,8,4266.812,533.3515,75.7965875,Consumer,Office Supplies,0
TC-21475,154,9,1244.976,138.33066666666667,13.233777777777776,Home Office,Office Supplies,0
TC-21535,5,7,742.558,106.07971428571429,31.133285714285716,Home Office,Office Supplies,0
TD-20995,38,9,1434.548,159.39422222222223,9.798855555555555,Consumer,Office Supplies,0
TG-21310,338,5,3058.3720000000003,611.6744000000001,136.43408,Consumer,Office Supplies,0
TG-21640,115,4,2074.661,518.66525,91.430125,Consumer,Office Supplies,0
TH-21100,345,5,2422.824,484.5648,-27.042499999999997,Consumer,Office Supplies,0
TH-21115,59,4,2942.772,735.693,-63.138475,Corporate,Office Supplies,0
TH-21235,118,8,1022.201,127.775125,11.591124999999998,Corporate,Office Supplies,0
TH-21550,73,7,4234.096,604.8708571428571,-81.70968571428573,Home Office,Office Supplies,0
TM-21010,104,8,2955.226,369.40325,71.6626625,Consumer,Office Supplies,0
TM-21490,131,3,1094.6779999999999,364.8926666666666,97.50699999999999,Consumer,Furniture,0
TN-21040,91,7,3130.221,447.17442857142856,-98.8636,Home Office,Technology,0
TP-21130,9,9,4454.0560000000005,494.8951111111112,125.45845555555555,Consumer,Office Supplies,0
TP-21415,105,5,5329.0048,1065.80096,-217.47796,Consumer,Office Supplies,0
TP-21565,351,4,1936.6399999999999,484.15999999999997,34.807174999999994,Corporate,Office Supplies,0
TR-21325,194,5,675.942,135.1884,44.072880000000005,Consumer,Office Supplies,0
TS-21085,358,2,4.833,2.4165,-1.6578,Consumer,Office Supplies,0
TS-21160,505,6,2163.6240000000003,360.60400000000004,43.47906666666666,Corporate,Office Supplies,0
TS-21205,199,7,5371.09,767.2985714285714,123.26967142857143,Corporate,Office Supplies,0
TS-21340,227,5,974.782,194.9564,-36.995779999999996,Consumer,Office Supplies,0
TS-21370,37,6,11891.751,1981.9585,395.2857333333333,Corporate,Office Supplies,0
TS-21430,173,5,2054.14,410.828,9.740339999999998,Corporate,Furniture,0
TS-21505,12,6,2243.274,373.87899999999996,1.8963166666666684,Consumer,Office Supplies,0
TS-21610,56,7,2820.424,402.9177142857143,-42.099728571428564,Consumer,Office Supplies,0
TS-21655,239,5,3368.094,673.6188,44.183260000000004,Consumer,Office Supplies,0
TT-21070,32,7,4915.602000000001,702.2288571428572,107.42238571428571,Consumer,Office Supplies,0
TT-21220,184,8,1427.0439999999999,178.38049999999998,34.8421375,Consumer,Office Supplies,0
TT-21265,407,3,439.5,146.5,31.305400000000002,Corporate,Office Supplies,0
TT-21460,13,7,5364.808,766.4011428571429,160.64284285714285,Home Office,Office Supplies,0
TW-21025,65,7,5278.826,754.118,105.3415,Home Office,Office Supplies,0
TZ-21580,36,4,1707.286,426.8215,56.222175,Consumer,Office Supplies,0
VB-21745,55,6,2005.596,334.266,61.8733,Corporate,Office Supplies,0
VD-21670,582,6,6442.254,1073.709,269.63123333333334,Consumer,Office Supplies,0
VF-21715,14,5,847.944,169.5888,-19.255599999999998,Home Office,Office Supplies,0
VG-21790,155,6,846.01,141.00166666666667,23.9378,Consumer,Office Supplies,0
VG-21805,287,5,427.372,85.4744,-10.4666,Corporate,Office Supplies,0
VM-21685,55,7,2454.866,350.69514285714286,73.3609857142857,Home Office,Office Supplies,0
VM-21835,118,5,380.69,76.138,23.32746,Consumer,Office Supplies,0
VP-21730,31,3,993.9019999999999,331.30066666666664,68.46293333333334,Home Office,Office Supplies,0
VP-21760,76,7,3360.526,480.07514285714285,-145.53954285714283,Corporate,Office Supplies,0
VS-21820,222,4,1055.981,263.99525,-65.702325,Consumer,Office Supplies,0
VT-21700,1001,2,1736.596,868.298,-112.04445,Home Office,Office Supplies,0
VW-21775,29,10,6134.0380000000005,613.4038,-87.46645,Corporate,Office Supplies,0
WB-21850,21,11,6160.102,560.0092727272727,64.93919090909091,Consumer,Office Supplies,0
XP-21865,44,11,2374.658,215.878,56.47545454545455,Consumer,Office Supplies,0
YC-21895,5,5,5454.35,1090.8700000000001,261.12579999999997,Corporate,Office Supplies,0
YS-21880,10,8,6720.4439999999995,840.0554999999999,222.2865375,Corporate,Office Supplies,0
ZC-21910,55,13,8025.707,617.362076923077,-79.39607692307693,Consumer,Office Supplies,0
ZD-21925,203,5,1493.944,298.7888,49.826139999999995,Consumer,Office Supplies,0
