Customer ID,frequency,monetary,total_profit,total_quantity,preferred_category,segment,region,state,recency,avg_order_value,avg_profit,days_as_customer,avg_quantity
AA-10315,5,5563.56,-362.88250000000005,30,Office Supplies,Consumer,West,California,185,1112.712,-72.57650000000001,1186,6.0
AA-10375,9,1056.39,277.3824,41,Office Supplies,Consumer,Central,Nebraska,20,117.37666666666668,30.82026666666667,1330,4.555555555555555
AA-10480,4,1790.512,435.82739999999995,36,Office Supplies,Consumer,Central,Michigan,260,447.628,108.95684999999999,1077,9.0
AA-10645,6,5086.9349999999995,857.8033,64,Furniture,Consumer,West,California,56,847.8224999999999,142.96721666666667,1232,10.666666666666666
AB-10015,3,886.156,129.3465,13,Office Supplies,Consumer,Central,Oklahoma,416,295.38533333333334,43.1155,996,4.333333333333333
AB-10060,8,7755.619999999999,2054.5885,56,Office Supplies,Home Office,West,California,55,969.4524999999999,256.8235625,780,7.0
AB-10105,10,14473.571,5444.8055,73,Office Supplies,Consumer,South,Kentucky,42,1447.3571,544.48055,1065,7.3
AB-10150,5,966.71,313.6597,37,Office Supplies,Consumer,East,New York,42,193.342,62.731939999999994,1355,7.4
AB-10165,8,1113.838,220.813,48,Office Supplies,Consumer,West,California,26,139.22975,27.601625,1115,6.0
AB-10255,9,914.5319999999999,264.5675,39,Office Supplies,Home Office,West,California,167,101.61466666666666,29.39638888888889,1091,4.333333333333333
AB-10600,4,1515.862,-274.9604,38,Office Supplies,Corporate,West,California,51,378.9655,-68.7401,1088,9.5
AC-10420,3,925.8,-62.1342,17,Office Supplies,Corporate,West,California,233,308.59999999999997,-20.7114,1035,5.666666666666667
AC-10450,7,5527.846,1366.0098,43,Office Supplies,Consumer,South,Louisiana,12,789.6922857142856,195.14425714285716,1145,6.142857142857143
AC-10615,5,2537.686,298.82730000000004,59,Office Supplies,Corporate,East,New York,7,507.53720000000004,59.765460000000004,831,11.8
AC-10660,5,657.316,-28.700399999999995,16,Office Supplies,Consumer,Central,Indiana,283,131.4632,-5.740079999999999,890,3.2
AD-10180,8,6106.88,1869.9294000000002,40,Office Supplies,Home Office,West,California,30,763.36,233.74117500000003,1108,5.0
AF-10870,7,2052.908,317.9712,51,Office Supplies,Consumer,West,California,42,293.27257142857144,45.42445714285714,714,7.285714285714286
AF-10885,4,861.5649999999999,-163.1175,37,Office Supplies,Consumer,South,Kentucky,416,215.39124999999999,-40.779375,915,9.25
AG-10270,5,2582.898,732.7399,58,Office Supplies,Consumer,Central,Nebraska,279,516.5796,146.54798,1049,11.6
AG-10300,4,367.548,59.288399999999996,16,Office Supplies,Corporate,West,California,119,91.887,14.822099999999999,1226,4.0
AG-10330,5,660.972,-5.137100000000004,47,Office Supplies,Consumer,West,California,9,132.1944,-1.0274200000000007,506,9.4
AG-10390,5,200.945,69.2784,33,Office Supplies,Consumer,West,California,115,40.189,13.855680000000001,1237,6.6
AG-10495,8,2356.855,295.6668,93,Office Supplies,Corporate,South,Virginia,79,294.606875,36.95835,1013,11.625
AG-10525,4,1455.038,-152.7613,33,Office Supplies,Corporate,South,Virginia,846,363.7595,-38.190325,394,8.25
AG-10675,7,3489.0396,-246.4257,54,Office Supplies,Consumer,Central,Wisconsin,98,498.4342285714286,-35.20367142857143,871,7.714285714285714
AG-10765,4,170.584,-8.431000000000001,20,Office Supplies,Home Office,Central,Indiana,78,42.646,-2.1077500000000002,1123,5.0
AG-10900,10,4510.7970000000005,343.68240000000003,92,Office Supplies,Consumer,West,California,97,451.07970000000006,34.36824,1160,9.2
AH-10030,7,1744.7,365.2152,54,Office Supplies,Corporate,West,California,13,249.24285714285716,52.1736,1336,7.714285714285714
AH-10075,10,3250.337,281.189,75,Office Supplies,Corporate,West,California,35,325.0337,28.118900000000004,1106,7.5
AH-10120,7,1735.5140000000001,-2.3145999999999844,65,Office Supplies,Home Office,West,California,61,247.93057142857145,-0.33065714285714065,1201,9.285714285714286
AH-10195,4,1587.452,-378.5509,28,Office Supplies,Corporate,East,Pennsylvania,56,396.863,-94.637725,976,7.0
AH-10210,9,4805.344,1308.5546,53,Office Supplies,Consumer,West,California,7,533.9271111111111,145.39495555555555,1121,5.888888888888889
AH-10465,5,2495.3916,-196.12009999999998,35,Office Supplies,Consumer,South,Alabama,231,499.07831999999996,-39.224019999999996,862,7.0
AH-10585,4,738.504,83.96300000000001,17,Furniture,Consumer,West,Washington,22,184.626,20.990750000000002,1140,4.25
AH-10690,12,7888.294,1298.0166,102,Office Supplies,Corporate,West,California,411,657.3578333333334,108.16805,958,8.5
AI-10855,10,4375.786,867.7271000000001,72,Office Supplies,Consumer,West,California,14,437.5786,86.77271,1329,7.2
AJ-10780,7,4867.344,150.71300000000008,62,Office Supplies,Corporate,West,California,76,695.3348571428571,21.530428571428583,1375,8.857142857142858
AJ-10795,7,4501.391,1158.7064,88,Office Supplies,Corporate,West,California,167,643.0558571428571,165.52948571428573,1160,12.571428571428571
AJ-10945,7,1839.24,521.1351999999999,40,Office Supplies,Consumer,West,California,86,262.74857142857144,74.4478857142857,1313,5.714285714285714
AJ-10960,3,629.2479999999999,60.4265,22,Office Supplies,Consumer,West,California,75,209.7493333333333,20.142166666666665,1129,7.333333333333333
AM-10360,5,814.012,194.9878,48,Office Supplies,Corporate,West,California,29,162.80239999999998,38.99756,1153,9.6
AM-10705,8,5664.022,1085.7326,81,Office Supplies,Consumer,West,California,163,708.00275,135.716575,994,10.125
AO-10810,1,161.28,12.096,2,Furniture,Corporate,West,California,502,161.28,12.096,0,2.0
AP-10720,8,1638.554,285.7888,85,Office Supplies,Home Office,West,California,42,204.81925,35.7236,1357,10.625
AP-10915,10,3323.556,579.3113,102,Office Supplies,Consumer,West,California,99,332.3556,57.931129999999996,1127,10.2
AR-10345,4,1055.694,-221.0544,18,Furniture,Corporate,East,Massachusetts,112,263.9235,-55.2636,985,4.5
AR-10405,5,2236.1279999999997,-98.7646,29,Furniture,Corporate,South,Mississippi,126,447.22559999999993,-19.75292,1059,5.8
AR-10510,5,264.86400000000003,43.6695,33,Office Supplies,Consumer,West,California,15,52.97280000000001,8.7339,1324,6.6
AR-10540,6,6608.448,2884.6207999999997,33,Office Supplies,Consumer,West,California,7,1101.4080000000001,480.77013333333326,1125,5.5
AR-10570,1,88.15,32.633,6,Furniture,Consumer,South,Georgia,535,88.15,32.633,0,6.0
AR-10825,8,4523.336,494.8352,54,Furniture,Corporate,West,California,59,565.417,61.8544,1221,6.75
AS-10045,7,3050.692,-253.57459999999998,48,Office Supplies,Corporate,South,Virginia,89,435.81314285714285,-36.22494285714286,1164,6.857142857142857
AS-10090,9,3255.3100000000004,64.53739999999998,81,Office Supplies,Consumer,West,California,29,361.7011111111112,7.1708222222222195,1167,9.0
AS-10135,2,58.82,21.8496,9,Office Supplies,Home Office,West,Washington,42,29.41,10.9248,371,4.5
AS-10225,5,4260.784,719.7751,41,Office Supplies,Corporate,West,California,23,852.1568,143.95502,1147,8.2
AS-10240,7,584.608,33.715799999999994,39,Office Supplies,Consumer,West,California,193,83.51542857142856,4.816542857142856,1194,5.571428571428571
AS-10285,6,3214.236,354.6276,39,Office Supplies,Corporate,West,California,20,535.706,59.1046,569,6.5
AS-10630,7,833.3979999999999,136.4919,34,Office Supplies,Home Office,South,Kentucky,93,119.05685714285713,19.498842857142854,1155,4.857142857142857
AT-10435,6,1171.8139999999999,100.8768,28,Office Supplies,Home Office,West,California,22,195.3023333333333,16.8128,1111,4.666666666666667
AT-10735,10,3831.864,974.107,60,Office Supplies,Consumer,West,California,14,383.1864,97.41069999999999,1205,6.0
AW-10840,4,649.376,65.7725,24,Office Supplies,Consumer,West,California,21,162.344,16.443125,972,6.0
AW-10930,7,2852.9680000000003,-104.54860000000002,68,Office Supplies,Home Office,West,Montana,47,407.5668571428572,-14.935514285714289,1219,9.714285714285714
AY-10555,4,497.01399999999995,103.3499,34,Furniture,Corporate,West,California,15,124.25349999999999,25.837475,1350,8.5
AZ-10750,6,1622.018,154.9503,40,Office Supplies,Consumer,West,California,161,270.33633333333336,25.82505,1224,6.666666666666667
BB-10990,5,744.34,11.583900000000007,26,Office Supplies,Corporate,West,California,106,148.868,2.3167800000000014,1147,5.2
BB-11545,9,6765.728,1015.075,83,Office Supplies,Corporate,West,California,29,751.7475555555556,112.78611111111111,911,9.222222222222221
BC-11125,9,2933.676,251.5974,60,Office Supplies,Home Office,West,California,203,325.964,27.955266666666667,1071,6.666666666666667
BD-11320,12,5718.521,1094.5037,75,Office Supplies,Consumer,West,California,34,476.54341666666664,91.20864166666667,911,6.25
BD-11500,6,4411.2429999999995,1142.1225,49,Office Supplies,Consumer,West,California,36,735.2071666666666,190.35375,1393,8.166666666666666
BD-11560,2,320.54,116.714,11,Office Supplies,Home Office,West,California,279,160.27,58.357,667,5.5
BD-11605,7,3288.471,634.8463,74,Office Supplies,Consumer,West,California,98,469.78157142857145,90.69232857142858,1350,10.571428571428571
BD-11620,6,1538.11,206.75689999999997,27,Office Supplies,Consumer,Central,Oklahoma,70,256.35166666666663,34.45948333333333,1210,4.5
BD-11635,3,582.646,141.534,19,Office Supplies,Consumer,South,Kentucky,10,194.21533333333332,47.178,1173,6.333333333333333
BD-11725,6,1526.5,333.9791,29,Furniture,Consumer,West,California,94,254.41666666666666,55.663183333333336,818,4.833333333333333
BD-11770,6,658.466,141.265,21,Office Supplies,Consumer,West,Washington,328,109.74433333333333,23.544166666666666,333,3.5
BE-11335,5,4204.6759999999995,1487.7739000000001,35,Office Supplies,Home Office,West,California,120,840.9351999999999,297.55478000000005,596,7.0
BE-11410,5,2261.438,755.9151,19,Office Supplies,Consumer,Central,Wisconsin,99,452.2876,151.18302,594,3.8
BE-11455,6,1727.652,139.20080000000002,40,Office Supplies,Home Office,East,Rhode Island,255,287.942,23.200133333333337,627,6.666666666666667
BF-10975,7,599.798,227.4384,38,Office Supplies,Corporate,East,New Jersey,92,85.68542857142857,32.4912,1174,5.428571428571429
BF-11005,4,1333.88,-291.38109999999995,26,Office Supplies,Home Office,West,California,40,333.47,-72.84527499999999,1153,6.5
BF-11020,8,2888.506,302.02,78,Office Supplies,Corporate,Central,Wisconsin,75,361.06325,37.7525,1340,9.75
BF-11080,3,272.95,110.9272,29,Office Supplies,Consumer,South,Alabama,26,90.98333333333333,36.97573333333333,1103,9.666666666666666
BF-11170,11,5907.972,1538.2127,102,Office Supplies,Home Office,West,California,17,537.0883636363636,139.83751818181818,1341,9.272727272727273
BF-11215,4,1585.162,523.2133,48,Office Supplies,Home Office,Central,Minnesota,66,396.2905,130.803325,1082,12.0
BF-11275,3,791.9899999999999,25.870199999999997,11,Office Supplies,Corporate,South,Georgia,58,263.9966666666666,8.623399999999998,1322,3.6666666666666665
BG-11035,8,2798.948,-711.4274,35,Office Supplies,Consumer,South,Virginia,29,349.8685,-88.928425,1123,4.375
BG-11695,6,1874.172,107.57149999999999,24,Office Supplies,Corporate,Central,Kansas,37,312.362,17.928583333333332,1293,4.0
BG-11740,6,1006.356,119.3479,22,Furniture,Consumer,West,California,58,167.726,19.891316666666665,1321,3.6666666666666665
BH-11710,8,6255.351,802.7898,97,Office Supplies,Consumer,West,California,24,781.918875,100.348725,1277,12.125
BK-11260,6,659.138,-63.764399999999995,58,Office Supplies,Consumer,West,California,78,109.85633333333334,-10.6274,1168,9.666666666666666
BM-11140,4,11789.63,-1659.9580999999998,64,Office Supplies,Consumer,West,California,308,2947.4075,-414.98952499999996,902,16.0
BM-11575,6,808.1619999999999,95.5816,22,Furniture,Corporate,West,California,101,134.69366666666664,15.930266666666666,737,3.6666666666666665
BM-11650,11,7294.185,2199.2781,95,Office Supplies,Corporate,Central,Michigan,34,663.1077272727273,199.93437272727272,1237,8.636363636363637
BM-11785,10,1338.842,137.7439,44,Office Supplies,Consumer,South,Virginia,219,133.88420000000002,13.77439,1085,4.4
BN-11470,4,265.296,36.6131,15,Office Supplies,Corporate,West,California,25,66.324,9.153275,1181,3.75
BN-11515,5,1459.344,340.7054,79,Office Supplies,Consumer,West,California,10,291.8688,68.14108,1375,15.8
BO-11350,5,2682.728,278.77700000000004,43,Office Supplies,Corporate,West,California,138,536.5456,55.75540000000001,590,8.6
BO-11425,2,130.83,59.4522,7,Office Supplies,Consumer,South,Kentucky,76,65.415,29.7261,767,3.5
BP-11050,5,983.42,209.78300000000002,30,Office Supplies,Corporate,West,California,84,196.684,41.9566,1092,6.0
BP-11095,12,2442.044,433.9751,70,Office Supplies,Corporate,West,California,18,203.50366666666665,36.16459166666667,1285,5.833333333333333
BP-11155,6,1697.861,647.3847000000001,32,Office Supplies,Consumer,West,California,90,282.97683333333333,107.89745,851,5.333333333333333
BP-11185,9,3675.861,363.5991,69,Office Supplies,Corporate,West,California,2,408.429,40.3999,1011,7.666666666666667
BP-11230,5,1181.49,-197.2695,14,Furniture,Consumer,West,California,40,236.298,-39.4539,1311,2.8
BP-11290,7,2475.157,-319.0637,51,Office Supplies,Consumer,South,North Carolina,13,353.5938571428572,-45.580528571428566,1172,7.285714285714286
BS-11365,5,10501.653,2616.0644,39,Furniture,Corporate,East,New Jersey,559,2100.3306000000002,523.21288,778,7.8
BS-11380,5,3887.834,-17.532200000000017,58,Office Supplies,Corporate,West,California,29,777.5668,-3.5064400000000036,1099,11.6
BS-11590,6,2454.928,381.7807,41,Office Supplies,Corporate,South,Kentucky,36,409.1546666666666,63.63011666666667,1411,6.833333333333333
BS-11665,3,3288.11,238.73680000000002,47,Furniture,Consumer,West,California,583,1096.0366666666666,79.57893333333334,704,15.666666666666666
BS-11755,7,2562.382,-113.29840000000002,45,Office Supplies,Consumer,West,California,2,366.0545714285714,-16.185485714285715,1321,6.428571428571429
BS-11800,2,949.4300000000001,194.0516,22,Office Supplies,Home Office,West,California,266,474.71500000000003,97.0258,561,11.0
BT-11305,5,2567.656,417.5918,33,Furniture,Home Office,West,California,337,513.5312,83.51836,1009,6.6
BT-11395,6,2186.6130000000003,257.9163,38,Office Supplies,Corporate,West,California,303,364.43550000000005,42.98605,857,6.333333333333333
BT-11440,4,603.876,-77.5256,16,Furniture,Consumer,Central,Michigan,561,150.969,-19.3814,745,4.0
BT-11485,2,415.19599999999997,126.8694,11,Office Supplies,Home Office,East,Maryland,660,207.59799999999998,63.4347,75,5.5
BT-11530,5,2684.492,409.4983,44,Office Supplies,Home Office,West,California,92,536.8984,81.89966,1228,8.8
BT-11680,7,3196.752,447.74839999999995,88,Office Supplies,Consumer,West,California,21,456.6788571428571,63.964057142857136,1108,12.571428571428571
BV-11245,5,1523.273,315.2214,49,Office Supplies,Corporate,Central,Iowa,335,304.65459999999996,63.04428,676,9.8
BW-11065,3,385.516,-58.2866,8,Office Supplies,Consumer,East,New York,213,128.50533333333334,-19.428866666666668,1103,2.6666666666666665
BW-11110,8,4750.358,921.2574,74,Office Supplies,Corporate,West,California,122,593.79475,115.157175,895,9.25
BW-11200,6,1738.406,246.9973,49,Office Supplies,Consumer,West,California,204,289.7343333333333,41.166216666666664,1033,8.166666666666666
CA-11965,6,3789.7228,1143.3817,29,Office Supplies,Corporate,East,Rhode Island,97,631.6204666666666,190.56361666666666,1338,4.833333333333333
CA-12055,5,1679.724,211.25590000000003,49,Office Supplies,Home Office,West,California,402,335.9448,42.251180000000005,446,9.8
CA-12265,9,2648.2872,279.6183,65,Office Supplies,Consumer,West,California,57,294.25413333333336,31.068699999999996,1320,7.222222222222222
CA-12310,4,1421.954,246.02179999999998,25,Office Supplies,Corporate,West,California,14,355.4885,61.505449999999996,1247,6.25
CA-12775,7,3041.566,204.48950000000002,72,Office Supplies,Consumer,Central,Michigan,121,434.50942857142854,29.21278571428572,1161,10.285714285714286
CB-12025,10,6076.139,150.2089,122,Office Supplies,Consumer,West,California,48,607.6139000000001,15.02089,1333,12.2
CB-12415,8,1949.2,272.3883,44,Office Supplies,Consumer,West,California,27,243.65,34.0485375,760,5.5
CB-12535,8,4246.4555,1049.5601,74,Office Supplies,Corporate,West,California,198,530.8069375,131.1950125,896,9.25
CC-12100,6,1770.945,208.5912,46,Office Supplies,Home Office,West,California,458,295.15749999999997,34.7652,653,7.666666666666667
CC-12145,7,2471.65,392.28249999999997,31,Office Supplies,Consumer,West,California,107,353.09285714285716,56.04035714285714,1153,4.428571428571429
CC-12220,12,3913.418,393.9618,81,Office Supplies,Consumer,West,California,21,326.1181666666667,32.830149999999996,1188,6.75
CC-12370,5,12129.072,2177.0493,34,Office Supplies,Consumer,West,California,44,2425.8144,435.40986000000004,543,6.8
CC-12430,10,2870.05,424.6583,63,Office Supplies,Home Office,West,California,1,287.005,42.46583,846,6.3
CC-12475,9,1659.438,154.851,40,Office Supplies,Consumer,West,California,40,184.382,17.205666666666666,1285,4.444444444444445
CC-12550,3,113.832,33.8706,14,Office Supplies,Consumer,West,California,28,37.943999999999996,11.2902,171,4.666666666666667
CC-12610,7,2540.6310000000003,331.43399999999997,39,Office Supplies,Corporate,South,Virginia,35,362.9472857142858,47.34771428571428,1187,5.571428571428571
CC-12670,7,2269.7015,187.8399,47,Office Supplies,Consumer,West,California,30,324.24307142857145,26.83427142857143,1074,6.714285714285714
CC-12685,4,2854.1150000000002,850.1591,51,Office Supplies,Consumer,South,Kentucky,800,713.5287500000001,212.539775,580,12.75
CD-11920,5,2033.9679999999998,426.661,35,Office Supplies,Consumer,West,California,41,406.79359999999997,85.3322,1337,7.0
CD-11980,3,639.766,-206.71720000000002,22,Office Supplies,Consumer,East,New York,55,213.2553333333333,-68.90573333333334,347,7.333333333333333
CD-12280,2,1205.584,233.0274,39,Office Supplies,Consumer,West,Washington,43,602.792,116.5137,13,19.5
CD-12790,5,1860.732,403.8422,49,Office Supplies,Home Office,West,California,400,372.14639999999997,80.76844,1028,9.8
CG-12040,6,904.4680000000001,86.51060000000001,37,Office Supplies,Home Office,West,California,50,150.7446666666667,14.418433333333335,894,6.166666666666667
CG-12520,3,1148.7800000000002,169.93439999999998,14,Furniture,Consumer,South,Kentucky,339,382.92666666666673,56.6448,469,4.666666666666667
CH-12070,3,1537.236,195.15109999999999,13,Office Supplies,Home Office,Central,Michigan,692,512.412,65.05036666666666,228,4.333333333333333
CJ-11875,1,16.52,1.652,5,Office Supplies,Corporate,East,Pennsylvania,366,16.52,1.652,0,5.0
CJ-12010,8,11164.974,858.7414,83,Furniture,Consumer,West,California,190,1395.62175,107.342675,471,10.375
CK-12205,13,3154.855,141.2831,122,Office Supplies,Consumer,West,California,40,242.68115384615385,10.86793076923077,1351,9.384615384615385
CK-12325,5,2945.321,261.22090000000003,46,Furniture,Home Office,South,Virginia,121,589.0642,52.24418000000001,1267,9.2
CK-12595,11,2372.75,497.70980000000003,108,Office Supplies,Consumer,West,California,44,215.70454545454547,45.246345454545455,1057,9.818181818181818
CK-12760,9,1582.1090000000002,-338.4311,64,Office Supplies,Corporate,West,California,83,175.7898888888889,-37.603455555555556,1340,7.111111111111111
CL-11890,4,1262.0140000000001,328.0847,24,Office Supplies,Consumer,West,California,107,315.50350000000003,82.021175,1147,6.0
CL-12565,12,10880.546,1933.7830999999999,106,Office Supplies,Consumer,West,California,285,906.7121666666667,161.14859166666665,1113,8.833333333333334
CL-12700,5,2353.5860000000002,229.0099,34,Office Supplies,Home Office,South,Kentucky,106,470.71720000000005,45.80198,510,6.8
CM-11815,6,1673.8880000000001,214.463,38,Office Supplies,Corporate,West,California,132,278.98133333333334,35.743833333333335,1011,6.333333333333333
CM-11935,2,565.392,-43.7324,18,Furniture,Consumer,South,North Carolina,709,282.696,-21.8662,120,9.0
CM-12115,4,1661.6100000000001,409.0679,35,Technology,Consumer,West,California,9,415.40250000000003,102.266975,999,8.75
CM-12160,6,2533.314,-394.3686,23,Office Supplies,Consumer,East,Maryland,27,422.219,-65.7281,409,3.8333333333333335
CM-12190,6,1475.144,91.2033,21,Office Supplies,Consumer,West,California,9,245.85733333333334,15.20055,826,3.5
CM-12235,5,2305.712,365.0387,28,Office Supplies,Consumer,Central,Wisconsin,386,461.1424,73.00774,223,5.6
CM-12385,4,8954.02,3899.8903999999998,34,Office Supplies,Consumer,West,California,38,2238.505,974.9725999999999,983,8.5
CM-12445,3,287.99,64.4296,32,Office Supplies,Consumer,West,California,437,95.99666666666667,21.476533333333332,864,10.666666666666666
CM-12655,6,6339.5576,1572.4585,42,Technology,Home Office,West,California,28,1056.5929333333333,262.07641666666666,990,7.0
CM-12715,4,3984.4524,176.3108,57,Office Supplies,Corporate,West,Washington,1036,996.1131,44.0777,359,14.25
CP-12085,8,5402.254,427.0258,57,Office Supplies,Corporate,Central,Missouri,83,675.28175,53.378225,1040,7.125
CP-12340,8,5888.275,-1850.3029000000001,59,Office Supplies,Corporate,East,Connecticut,161,736.034375,-231.28786250000002,1224,7.375
CR-12580,4,2148.852,74.40129999999999,32,Office Supplies,Home Office,West,California,58,537.213,18.600324999999998,564,8.0
CR-12625,3,475.9,144.7594,14,Office Supplies,Home Office,South,Georgia,471,158.63333333333333,48.25313333333333,838,4.666666666666667
CR-12730,4,1600.55,306.9176,18,Office Supplies,Consumer,East,New York,79,400.1375,76.7294,1150,4.5
CR-12820,3,1397.8724,83.27029999999999,26,Office Supplies,Home Office,East,New York,86,465.9574666666667,27.756766666666664,986,8.666666666666666
CS-11845,5,1278.954,185.3776,22,Office Supplies,Corporate,West,Washington,92,255.7908,37.07552,1021,4.4
CS-11860,6,537.632,105.8275,16,Office Supplies,Consumer,East,New York,163,89.60533333333332,17.637916666666666,1176,2.6666666666666665
CS-11950,11,3036.547,-126.4223,68,Office Supplies,Consumer,West,California,26,276.0497272727273,-11.492936363636364,1276,6.181818181818182
CS-12130,4,884.64,143.8339,28,Office Supplies,Consumer,West,California,490,221.16,35.958475,754,7.0
CS-12175,5,844.4580000000001,113.1405,30,Office Supplies,Corporate,West,California,233,168.8916,22.6281,1004,6.0
CS-12250,12,2754.216,738.3626,97,Office Supplies,Corporate,West,California,27,229.518,61.53021666666667,1421,8.083333333333334
CS-12355,11,3202.1620000000003,831.9432,74,Office Supplies,Consumer,West,California,7,291.1056363636364,75.6312,1227,6.7272727272727275
CS-12400,9,3651.8585000000003,-342.80330000000004,47,Office Supplies,Home Office,West,California,3,405.7620555555556,-38.08925555555556,1189,5.222222222222222
CS-12460,2,550.644,156.2593,13,Office Supplies,Consumer,South,Georgia,28,275.322,78.12965,153,6.5
CS-12490,4,1077.2285,-302.8761,33,Office Supplies,Corporate,East,New York,425,269.307125,-75.719025,659,8.25
CS-12505,6,5690.055,-6626.3895,40,Office Supplies,Consumer,West,California,59,948.3425000000001,-1104.39825,1317,6.666666666666667
CT-11995,8,3241.898,161.22629999999995,60,Office Supplies,Consumer,Central,Minnesota,97,405.23725,20.153287499999994,1237,7.5
CV-12295,5,2830.6279999999997,493.0861,54,Office Supplies,Consumer,West,California,255,566.1256,98.61722,1119,10.8
CV-12805,9,2370.3136,98.9975,62,Office Supplies,Corporate,West,California,6,263.36817777777776,10.999722222222223,595,6.888888888888889
CW-11905,6,1136.5919999999999,370.8298,40,Office Supplies,Home Office,West,California,23,189.432,61.804966666666665,1278,6.666666666666667
CY-12745,8,2900.026,60.64670000000001,43,Office Supplies,Corporate,West,California,61,362.50325,7.580837500000001,1054,5.375
Co-12640,5,1300.076,205.6282,30,Office Supplies,Consumer,South,South Carolina,550,260.0152,41.12564,740,6.0
DA-13450,4,156.76,56.7904,27,Office Supplies,Home Office,East,District of Columbia,353,39.19,14.1976,993,6.75
DB-12910,8,2171.5989999999997,431.3748,47,Office Supplies,Home Office,West,California,22,271.44987499999996,53.92185,1142,5.875
DB-12970,5,2839.2272,213.00289999999995,43,Office Supplies,Corporate,West,California,242,567.8454399999999,42.600579999999994,903,8.6
DB-13060,7,4531.646,473.0272,48,Office Supplies,Consumer,West,California,17,647.3779999999999,67.57531428571428,1384,6.857142857142857
DB-13120,7,2973.094,-1421.7692000000002,59,Office Supplies,Corporate,West,California,49,424.7277142857143,-203.10988571428575,926,8.428571428571429
DB-13210,10,2332.577,169.9679,75,Office Supplies,Consumer,East,New Jersey,10,233.25770000000003,16.996789999999997,1005,7.5
DB-13270,8,4655.897,841.8263999999999,52,Office Supplies,Home Office,West,California,54,581.987125,105.22829999999999,1372,6.5
DB-13360,5,1081.466,291.0085,28,Office Supplies,Home Office,East,Connecticut,265,216.29319999999998,58.2017,873,5.6
DB-13405,4,1711.692,438.9092,62,Office Supplies,Consumer,Central,Indiana,188,427.923,109.7273,688,15.5
DB-13555,7,3908.8028,109.327,61,Office Supplies,Corporate,East,Delaware,108,558.4004,15.618142857142857,1242,8.714285714285714
DB-13615,7,1989.05,438.8012,41,Office Supplies,Consumer,West,California,34,284.15,62.68588571428571,1154,5.857142857142857
DB-13660,7,1155.202,177.6735,33,Office Supplies,Consumer,West,California,13,165.02885714285713,25.38192857142857,1280,4.714285714285714
DC-12850,9,3336.168,-1441.6312999999998,64,Office Supplies,Consumer,Central,Michigan,38,370.68533333333335,-160.18125555555554,1237,7.111111111111111
DC-13285,5,1174.618,132.0682,37,Office Supplies,Consumer,Central,Minnesota,24,234.9236,26.413639999999997,1074,7.4
DD-13570,6,269.54200000000003,36.4344,33,Office Supplies,Consumer,West,California,42,44.92366666666667,6.072399999999999,1329,5.5
DE-13255,5,2550.874,464.47139999999996,38,Office Supplies,Home Office,West,California,720,510.17479999999995,92.89428,507,7.6
DF-13135,3,2390.534,-259.3097,23,Office Supplies,Consumer,West,California,701,796.8446666666667,-86.43656666666668,483,7.666666666666667
DG-13300,5,3195.818,562.7761,39,Office Supplies,Corporate,East,New Jersey,33,639.1636000000001,112.55522,1123,7.8
DH-13075,6,4932.872,1193.7404,81,Office Supplies,Corporate,West,California,278,822.1453333333334,198.95673333333332,858,13.5
DH-13675,4,1043.096,116.667,41,Office Supplies,Home Office,West,California,777,260.774,29.16675,460,10.25
DJ-13420,4,2012.52,483.03499999999997,20,Furniture,Corporate,West,California,638,503.13,120.75874999999999,481,5.0
DJ-13510,8,2501.688,345.2521,52,Office Supplies,Corporate,West,California,49,312.711,43.1565125,1183,6.5
DJ-13630,3,3356.398,731.5644,43,Office Supplies,Consumer,East,New York,13,1118.7993333333334,243.85479999999998,735,14.333333333333334
DK-12835,12,3256.48,881.1228,86,Office Supplies,Corporate,West,California,22,271.37333333333333,73.4269,1354,7.166666666666667
DK-12895,5,4282.176,937.6496,65,Office Supplies,Consumer,Central,Wisconsin,46,856.4352000000001,187.52992,983,13.0
DK-12985,5,1687.04,-107.35379999999999,32,Office Supplies,Consumer,West,California,8,337.408,-21.47076,1125,6.4
DK-13090,7,2650.5570000000002,536.3935,33,Office Supplies,Consumer,West,Washington,43,378.651,76.62764285714286,992,4.714285714285714
DK-13150,2,797.832,249.9447,20,Office Supplies,Corporate,East,New York,11,398.916,124.97235,1111,10.0
DK-13225,9,4802.394,209.89940000000007,70,Office Supplies,Corporate,West,California,11,533.5993333333333,23.322155555555565,1377,7.777777777777778
DK-13375,8,3318.486,377.0799,77,Office Supplies,Consumer,West,California,20,414.81075,47.1349875,1191,9.625
DL-12865,8,1503.112,322.2449,51,Office Supplies,Consumer,West,California,101,187.889,40.2806125,1180,6.375
DL-12925,6,3272.2,4.213200000000029,43,Office Supplies,Consumer,West,California,58,545.3666666666667,0.7022000000000048,1151,7.166666666666667
DL-13315,8,1458.258,288.8732,74,Office Supplies,Consumer,West,California,23,182.28225,36.10915,1422,9.25
DL-13330,4,585.02,222.6812,32,Office Supplies,Consumer,Central,Indiana,58,146.255,55.6703,1229,8.0
DL-13495,8,3539.322,-52.78799999999998,33,Office Supplies,Corporate,West,California,77,442.41525,-6.598499999999998,660,4.125
DM-12955,7,1322.034,108.7583,28,Office Supplies,Corporate,Central,Michigan,115,188.86200000000002,15.536900000000001,1073,4.0
DM-13015,7,6345.103,1677.3931,87,Office Supplies,Consumer,East,New York,58,906.4432857142857,239.62758571428571,1146,12.428571428571429
DM-13345,8,4074.4719999999998,1319.0586,41,Office Supplies,Corporate,West,California,23,509.30899999999997,164.882325,1131,5.125
DM-13525,3,1376.792,199.7688,33,Office Supplies,Corporate,East,New York,482,458.93066666666664,66.5896,793,11.0
DN-13690,7,2139.79,540.5405000000001,41,Furniture,Consumer,West,California,218,305.6842857142857,77.22007142857144,980,5.857142857142857
DO-13435,9,1300.0315,-38.90860000000001,48,Office Supplies,Consumer,West,California,134,144.44794444444446,-4.3231777777777785,1051,5.333333333333333
DO-13645,7,1267.316,294.0676,36,Office Supplies,Consumer,East,New Jersey,27,181.04514285714285,42.009657142857144,758,5.142857142857143
DP-13000,9,1050.636,241.45239999999998,58,Office Supplies,Consumer,West,California,127,116.73733333333332,26.828044444444444,1331,6.444444444444445
DP-13105,8,2215.002,563.1760999999999,63,Office Supplies,Corporate,West,California,7,276.87525,70.39701249999999,855,7.875
DP-13165,2,1058.616,-40.93759999999999,20,Office Supplies,Consumer,East,New York,813,529.308,-20.468799999999995,312,10.0
DP-13390,9,5480.724,1571.8318,50,Office Supplies,Home Office,West,California,359,608.9693333333333,174.64797777777778,916,5.555555555555555
DR-12880,9,6528.034000000001,1641.8613,103,Office Supplies,Corporate,West,California,4,725.3371111111112,182.42903333333334,824,11.444444444444445
DR-12940,8,8350.868,2869.076,57,Office Supplies,Home Office,East,Rhode Island,51,1043.8585,358.6345,1323,7.125
DS-13030,4,1762.213,193.3319,54,Office Supplies,Home Office,West,California,94,440.55325,48.332975,1177,13.5
DS-13180,9,2881.8128,163.69929999999997,68,Office Supplies,Corporate,West,California,24,320.2014222222222,18.188811111111107,1319,7.555555555555555
DV-13045,5,1119.483,-427.184,28,Furniture,Corporate,West,California,20,223.89659999999998,-85.4368,547,5.6
DV-13465,6,3341.587,353.2127,62,Office Supplies,Consumer,West,California,30,556.9311666666666,58.86878333333333,1258,10.333333333333334
DW-13195,6,1080.751,-86.87380000000002,39,Furniture,Corporate,West,California,70,180.12516666666667,-14.47896666666667,1373,6.5
DW-13480,5,5271.628,1348.7556,38,Office Supplies,Home Office,West,California,218,1054.3256,269.75112,1091,7.6
DW-13540,5,344.08,69.6672,21,Office Supplies,Consumer,West,Washington,99,68.816,13.93344,574,4.2
DW-13585,7,1204.854,-266.89660000000003,44,Office Supplies,Corporate,West,California,243,172.122,-38.12808571428572,982,6.285714285714286
Dl-13600,5,755.602,175.2388,19,Office Supplies,Corporate,West,Washington,120,151.1204,35.04776,1252,3.8
Dp-13240,11,7198.761,333.3647999999998,99,Office Supplies,Home Office,East,New Jersey,85,654.4328181818182,30.305890909090888,1230,9.0
EA-14035,13,2846.705,-52.74059999999997,87,Office Supplies,Corporate,West,California,153,218.97730769230768,-4.056969230769228,1052,6.6923076923076925
EB-13705,9,3644.978,13.62150000000001,55,Office Supplies,Corporate,Central,Texas,49,404.99755555555555,1.5135000000000012,1223,6.111111111111111
EB-13750,10,3236.314,-80.286,91,Office Supplies,Corporate,West,California,36,323.6314,-8.0286,989,9.1
EB-13840,5,4358.128,656.1988,41,Office Supplies,Corporate,West,Washington,91,871.6256,131.23976,1220,8.2
EB-13870,10,2767.219,261.5315,41,Furniture,Consumer,West,Utah,101,276.7219,26.15315,1235,4.1
EB-13930,5,944.6000000000001,0.6042000000000058,24,Office Supplies,Consumer,West,California,162,188.92000000000002,0.12084000000000117,1266,4.8
EB-13975,4,1643.255,162.8781,18,Office Supplies,Corporate,South,North Carolina,1,410.81375,40.719525,726,4.5
EB-14110,6,3071.126,184.7656,30,Furniture,Consumer,West,California,114,511.8543333333334,30.79426666666667,879,5.0
EB-14170,6,1186.326,282.1701,20,Office Supplies,Consumer,West,Washington,83,197.721,47.028349999999996,1106,3.3333333333333335
EC-14050,5,461.914,96.4256,37,Office Supplies,Consumer,West,California,54,92.3828,19.28512,1056,7.4
ED-13885,8,3484.92,670.4435,54,Office Supplies,Home Office,West,California,136,435.615,83.8054375,1104,6.75
EG-13900,5,1832.02,104.26559999999999,44,Office Supplies,Consumer,East,New York,23,366.404,20.853119999999997,767,8.8
EH-13765,12,10310.880000000001,1393.5154,120,Office Supplies,Corporate,West,California,136,859.2400000000001,116.12628333333333,1223,10.0
EH-13945,8,684.1709999999999,53.53980000000001,72,Office Supplies,Consumer,West,California,218,85.52137499999999,6.692475000000001,1060,9.0
EH-13990,6,825.95,150.3759,20,Office Supplies,Consumer,South,Georgia,406,137.65833333333333,25.06265,1040,3.3333333333333335
EH-14005,7,1219.53,-94.14079999999996,50,Office Supplies,Home Office,West,California,3,174.21857142857144,-13.448685714285707,1325,7.142857142857143
EH-14125,10,3082.653,96.27019999999996,76,Office Supplies,Home Office,West,California,153,308.26529999999997,9.627019999999996,1016,7.6
EH-14185,6,923.8839999999999,242.1107,22,Office Supplies,Consumer,South,Alabama,106,153.98066666666665,40.35178333333334,1213,3.6666666666666665
EJ-13720,4,2162.174,387.01759999999996,31,Office Supplies,Consumer,West,California,303,540.5435,96.75439999999999,1131,7.75
EJ-14155,5,2656.691,451.8755,31,Furniture,Consumer,West,California,58,531.3381999999999,90.3751,1341,6.2
EK-13795,4,1303.4779999999998,97.10659999999999,18,Office Supplies,Home Office,West,California,45,325.86949999999996,24.276649999999997,1339,4.5
EL-13735,2,124.28,27.1154,9,Furniture,Home Office,Central,Missouri,78,62.14,13.5577,540,4.5
EM-13810,5,2567.0099999999998,-133.82750000000001,23,Furniture,Corporate,East,New Hampshire,133,513.4019999999999,-26.765500000000003,805,4.6
EM-13825,8,2339.598,682.5541999999999,57,Office Supplies,Corporate,West,California,56,292.44975,85.31927499999999,1069,7.125
EM-13960,5,933.704,102.29599999999999,18,Office Supplies,Consumer,West,California,152,186.74079999999998,20.4592,670,3.6
EM-14065,4,228.98999999999998,40.154599999999995,22,Office Supplies,Consumer,East,New York,48,57.247499999999995,10.038649999999999,1210,5.5
EM-14095,4,1041.042,240.2362,34,Office Supplies,Corporate,West,California,114,260.2605,60.05905,763,8.5
EM-14140,6,4588.436000000001,1319.3655,74,Office Supplies,Home Office,West,California,49,764.7393333333334,219.89425000000003,1212,12.333333333333334
EM-14200,3,366.822,21.7721,13,Office Supplies,Home Office,South,Virginia,159,122.274,7.257366666666666,583,4.333333333333333
EN-13780,4,2199.366,496.1131,27,Office Supplies,Consumer,Central,Michigan,288,549.8415,124.028275,658,6.75
EP-13915,17,5478.0608,144.9578,124,Office Supplies,Consumer,West,California,13,322.23887058823533,8.526929411764705,1261,7.294117647058823
ER-13855,3,1245.788,-295.7398,27,Office Supplies,Corporate,Central,Minnesota,422,415.2626666666667,-98.57993333333333,319,9.0
ES-14020,5,3510.4579999999996,1003.2935,31,Office Supplies,Consumer,West,California,41,702.0916,200.6587,1157,6.2
ES-14080,9,4657.924,246.6661,77,Office Supplies,Corporate,East,Rhode Island,29,517.5471111111111,27.407344444444444,1157,8.555555555555555
FA-14230,7,2984.054,520.5229,58,Technology,Corporate,West,California,98,426.2934285714286,74.3604142857143,1101,8.285714285714286
FC-14245,7,3418.742,1217.1662,50,Office Supplies,Home Office,West,California,71,488.39171428571433,173.8808857142857,861,7.142857142857143
FC-14335,7,3889.366,714.2926,37,Office Supplies,Corporate,West,California,185,555.6237142857143,102.0418,993,5.285714285714286
FG-14260,7,1383.144,394.7397,48,Office Supplies,Home Office,West,California,35,197.592,56.39138571428572,1285,6.857142857142857
FH-14275,10,4256.272,1073.2676,65,Office Supplies,Corporate,West,California,38,425.6272,107.32676,1327,6.5
FH-14350,4,2271.284,706.289,52,Office Supplies,Consumer,West,Washington,213,567.821,176.57225,648,13.0
FH-14365,8,6987.196,2050.2826,52,Office Supplies,Corporate,West,California,6,873.3995,256.285325,1162,6.5
FM-14215,10,2456.638,249.68080000000003,48,Office Supplies,Corporate,West,California,8,245.66379999999998,24.968080000000004,1383,4.8
FM-14290,9,3736.1980000000003,198.10949999999997,79,Office Supplies,Home Office,West,California,37,415.13311111111113,22.012166666666662,1186,8.777777777777779
FM-14380,9,2523.266,191.4898,53,Office Supplies,Consumer,Central,Michigan,146,280.3628888888889,21.276644444444443,757,5.888888888888889
FO-14305,10,2678.438,215.59689999999998,60,Office Supplies,Consumer,West,California,39,267.8438,21.559689999999996,1262,6.0
FP-14320,8,4046.746,406.4473,54,Office Supplies,Consumer,West,California,24,505.84325,50.8059125,1096,6.75
FW-14395,3,79.75,23.4913,9,Technology,Corporate,West,California,363,26.583333333333332,7.830433333333333,652,3.0
GA-14515,8,3919.7760000000003,840.899,48,Office Supplies,Consumer,West,California,150,489.97200000000004,105.112375,1173,6.0
GA-14725,11,1398.382,136.70790000000002,79,Office Supplies,Consumer,West,California,6,127.12563636363637,12.42799090909091,1413,7.181818181818182
GB-14530,11,1568.44,7.837100000000014,62,Office Supplies,Corporate,West,California,63,142.58545454545455,0.7124636363636376,1280,5.636363636363637
GB-14575,5,4716.288,1135.8393,63,Office Supplies,Consumer,South,South Carolina,14,943.2575999999999,227.16786000000002,919,12.6
GD-14590,4,1888.0700000000002,230.9373,25,Office Supplies,Corporate,West,Washington,6,472.01750000000004,57.734325,1330,6.25
GG-14650,9,2224.0,12.69850000000001,92,Office Supplies,Corporate,West,California,44,247.11111111111111,1.4109444444444454,1113,10.222222222222221
GH-14410,9,2819.467,-576.8335,65,Office Supplies,Home Office,West,California,76,313.2741111111111,-64.09261111111111,1195,7.222222222222222
GH-14425,4,4172.8460000000005,1176.4181,51,Office Supplies,Consumer,West,California,51,1043.2115000000001,294.104525,1242,12.75
GH-14485,2,1361.2440000000001,-95.4498,15,Furniture,Corporate,Central,Texas,388,680.6220000000001,-47.7249,427,7.5
GH-14665,2,146.9408,-5.8102,9,Office Supplies,Consumer,Central,Texas,3,73.4704,-2.9051,772,4.5
GK-14620,9,6497.27,1448.5525,66,Office Supplies,Corporate,West,California,113,721.9188888888889,160.95027777777779,1172,7.333333333333333
GM-14440,7,3582.8199999999997,347.266,43,Furniture,Consumer,West,California,84,511.83142857142855,49.60942857142857,1297,6.142857142857143
GM-14455,6,3078.624,793.2814,54,Technology,Home Office,East,New Hampshire,17,513.1039999999999,132.21356666666665,1343,9.0
GM-14500,10,1255.682,441.3185,53,Office Supplies,Consumer,West,California,107,125.5682,44.13185,1133,5.3
GM-14680,6,3163.6279999999997,35.48649999999999,31,Furniture,Consumer,West,California,153,527.2713333333332,5.914416666666665,1178,5.166666666666667
GM-14695,3,6049.965999999999,188.7235,44,Office Supplies,Corporate,West,California,118,2016.6553333333331,62.907833333333336,1248,14.666666666666666
GP-14740,2,236.53,31.837599999999995,21,Office Supplies,Corporate,East,Massachusetts,766,118.265,15.918799999999997,599,10.5
GR-14560,2,1284.38,359.83320000000003,23,Office Supplies,Corporate,West,California,1136,642.19,179.91660000000002,2,11.5
GT-14635,3,9351.212,-4108.6589,26,Office Supplies,Corporate,East,New York,57,3117.0706666666665,-1369.5529666666669,1247,8.666666666666666
GT-14710,11,11820.12,2163.4269,106,Office Supplies,Consumer,West,California,37,1074.5563636363638,196.67517272727272,1281,9.636363636363637
GT-14755,4,226.436,-6.139199999999995,23,Office Supplies,Consumer,West,California,35,56.609,-1.5347999999999988,1012,5.75
GW-14605,7,2189.0190000000002,-268.5423,43,Office Supplies,Consumer,West,California,29,312.71700000000004,-38.36318571428571,1372,6.142857142857143
GZ-14470,9,4355.150000000001,1087.7539,48,Office Supplies,Consumer,West,California,8,483.9055555555556,120.86154444444443,1236,5.333333333333333
GZ-14545,4,2454.622,828.6610000000001,25,Office Supplies,Corporate,West,California,158,613.6555,207.16525000000001,1032,6.25
HA-14905,7,2163.2999999999997,270.85740000000004,45,Office Supplies,Consumer,West,California,70,309.0428571428571,38.69391428571429,1210,6.428571428571429
HA-14920,8,2584.158,99.14450000000002,72,Office Supplies,Consumer,West,California,21,323.01975,12.393062500000003,1156,9.0
HD-14785,3,251.36,-135.87599999999998,31,Office Supplies,Home Office,East,Massachusetts,770,83.78666666666668,-45.291999999999994,560,10.333333333333334
HE-14800,4,883.5319999999999,274.4028,44,Office Supplies,Corporate,East,Delaware,13,220.88299999999998,68.6007,688,11.0
HF-14995,7,2533.1639999999998,-13.876800000000003,70,Office Supplies,Consumer,West,California,22,361.8805714285714,-1.9824000000000004,1293,10.0
HG-14845,5,785.6279999999999,147.0032,31,Office Supplies,Consumer,South,Louisiana,55,157.1256,29.40064,1287,6.2
HG-14965,12,3247.6420000000003,-2797.9635000000003,68,Office Supplies,Corporate,West,California,24,270.63683333333336,-233.16362500000002,1174,5.666666666666667
HG-15025,7,3690.284,804.6112999999999,38,Office Supplies,Consumer,West,California,7,527.1834285714286,114.94447142857142,1167,5.428571428571429
HH-15010,2,218.668,86.7342,20,Office Supplies,Corporate,West,California,73,109.334,43.3671,1147,10.0
HJ-14875,5,358.1,98.6548,21,Office Supplies,Home Office,West,California,127,71.62,19.73096,866,4.2
HK-14890,8,4877.784,956.9450999999999,64,Office Supplies,Corporate,West,Idaho,152,609.723,119.61813749999999,1148,8.0
HL-15040,6,12873.297999999999,5622.4292,50,Office Supplies,Consumer,East,Delaware,44,2145.5496666666663,937.0715333333333,1397,8.333333333333334
HM-14860,10,8236.7648,2437.9836,76,Office Supplies,Corporate,West,California,3,823.6764800000001,243.79836,1256,7.6
HM-14980,4,736.2760000000001,117.2755,29,Office Supplies,Consumer,West,Washington,248,184.06900000000002,29.318875,573,7.25
HP-14815,7,1990.314,373.8637,44,Office Supplies,Home Office,South,Virginia,31,284.33057142857143,53.4091,1304,6.285714285714286
HR-14770,5,1299.288,185.57940000000002,38,Office Supplies,Home Office,Central,Wisconsin,14,259.8576,37.115880000000004,1387,7.6
HR-14830,7,5248.787,1196.9504,51,Office Supplies,Corporate,West,Washington,160,749.8267142857143,170.99291428571428,973,7.285714285714286
HW-14935,8,9300.254,2164.1611,85,Office Supplies,Corporate,West,California,118,1162.53175,270.5201375,708,10.625
HZ-14950,5,886.52,-130.3879,21,Furniture,Consumer,East,New York,36,177.304,-26.07758,621,4.2
IG-15085,4,744.574,320.4982,19,Office Supplies,Consumer,West,California,72,186.1435,80.12455,1098,4.75
IL-15100,7,5040.736,1121.937,60,Office Supplies,Consumer,East,Delaware,143,720.1051428571428,160.27671428571426,1105,8.571428571428571
IM-15055,3,2872.63,975.7701,19,Office Supplies,Consumer,West,California,410,957.5433333333334,325.25669999999997,1028,6.333333333333333
IM-15070,7,4930.474,514.6527,93,Office Supplies,Consumer,West,California,391,704.3534285714286,73.52181428571429,717,13.285714285714286
JA-15970,8,6491.026,-819.4217,87,Office Supplies,Consumer,West,California,93,811.37825,-102.4277125,1108,10.875
JB-15400,10,1791.605,156.05319999999998,43,Office Supplies,Corporate,West,California,8,179.1605,15.605319999999997,1196,4.3
JB-15925,3,900.5519999999999,-286.98080000000004,32,Office Supplies,Consumer,West,California,738,300.18399999999997,-95.66026666666669,384,10.666666666666666
JB-16000,7,644.1188,126.76490000000001,32,Office Supplies,Consumer,West,California,44,92.01697142857142,18.10927142857143,677,4.571428571428571
JB-16045,5,2518.1150000000002,201.51850000000002,32,Office Supplies,Home Office,West,California,8,503.62300000000005,40.303700000000006,965,6.4
JC-15340,4,71.263,-0.3555999999999999,12,Office Supplies,Consumer,West,California,115,17.81575,-0.08889999999999998,1318,3.0
JC-15385,1,1058.108,502.92440000000005,14,Office Supplies,Consumer,West,Washington,176,1058.108,502.92440000000005,0,14.0
JC-15775,9,2772.055,279.5692,64,Office Supplies,Consumer,South,Georgia,159,308.00611111111107,31.063244444444447,1045,7.111111111111111
JC-16105,5,858.576,201.5952,43,Office Supplies,Corporate,West,California,58,171.7152,40.31904,1081,8.6
JD-15790,5,2152.352,-266.5525,26,Office Supplies,Consumer,East,New Jersey,118,430.4704,-53.310500000000005,886,5.2
JD-15895,11,7610.8640000000005,1050.2667999999999,150,Office Supplies,Corporate,West,California,395,691.8967272727273,95.47879999999999,981,13.636363636363637
JD-16015,6,385.43,26.7605,39,Office Supplies,Consumer,West,Washington,113,64.23833333333333,4.460083333333333,1071,6.5
JD-16060,3,695.442,111.11410000000001,17,Office Supplies,Consumer,West,California,301,231.814,37.03803333333334,893,5.666666666666667
JD-16150,8,8828.0305,1619.5199,60,Furniture,Corporate,West,California,42,1103.5038125,202.4399875,1099,7.5
JE-15475,6,1388.682,276.2197,49,Office Supplies,Consumer,West,California,194,231.447,46.03661666666667,827,8.166666666666666
JE-15610,7,7754.976,1623.4019,74,Office Supplies,Corporate,South,Georgia,49,1107.8537142857142,231.91455714285715,1125,10.571428571428571
JE-15715,10,8697.843,1262.2926,97,Office Supplies,Consumer,West,California,47,869.7843,126.22926,1177,9.7
JE-15745,13,6760.8150000000005,221.7967,90,Furniture,Consumer,West,California,52,520.0626923076924,17.061284615384615,1236,6.923076923076923
JE-16165,3,2697.248,789.6476,34,Office Supplies,Corporate,West,California,21,899.0826666666667,263.21586666666667,370,11.333333333333334
JF-15190,7,2279.5860000000002,575.1259,72,Office Supplies,Consumer,West,California,66,325.6551428571429,82.16084285714285,1076,10.285714285714286
JF-15295,5,955.124,97.289,42,Office Supplies,Consumer,West,California,226,191.0248,19.4578,1162,8.4
JF-15355,6,1911.844,330.199,58,Office Supplies,Consumer,West,California,106,318.6406666666667,55.033166666666666,694,9.666666666666666
JF-15415,6,2371.4480000000003,635.6376,69,Office Supplies,Consumer,West,Washington,3,395.2413333333334,105.9396,1290,11.5
JF-15490,11,1082.9180000000001,-18.067300000000003,36,Office Supplies,Consumer,West,California,122,98.44709090909092,-1.6424818181818184,1047,3.272727272727273
JF-15565,8,4198.332,1073.2087999999999,67,Office Supplies,Consumer,West,California,55,524.7915,134.15109999999999,1122,8.375
JG-15115,3,2358.676,684.1911,20,Technology,Consumer,West,Washington,759,786.2253333333333,228.0637,438,6.666666666666667
JG-15160,11,6366.392,1415.6664,70,Office Supplies,Consumer,West,California,2,578.762909090909,128.69694545454547,1309,6.363636363636363
JG-15310,6,2240.58,3.79760000000001,46,Office Supplies,Corporate,West,California,3,373.43,0.632933333333335,665,7.666666666666667
JG-15805,6,1507.0179999999998,206.1019,46,Office Supplies,Corporate,West,California,224,251.16966666666664,34.350316666666664,1142,7.666666666666667
JH-15430,4,309.281,-24.077100000000005,29,Office Supplies,Consumer,South,Florida,6,77.32025,-6.019275000000001,1400,7.25
JH-15820,6,528.91,26.0822,29,Office Supplies,Consumer,Central,Michigan,175,88.15166666666666,4.347033333333333,1147,4.833333333333333
JH-15910,7,959.477,-13.55449999999999,35,Office Supplies,Consumer,West,California,42,137.06814285714285,-1.9363571428571416,891,5.0
JH-15985,6,7954.998,-644.6982,64,Office Supplies,Consumer,West,California,30,1325.8329999999999,-107.4497,1210,10.666666666666666
JH-16180,4,2256.394,-96.95300000000002,28,Furniture,Consumer,West,Oregon,405,564.0985,-24.238250000000004,546,7.0
JJ-15445,5,709.178,200.5558,25,Office Supplies,Consumer,Central,Wisconsin,484,141.8356,40.11116,548,5.0
JJ-15760,2,195.0,34.449200000000005,11,Office Supplies,Home Office,South,Virginia,754,97.5,17.224600000000002,64,5.5
JK-15205,5,4427.142,1219.983,67,Office Supplies,Consumer,West,California,62,885.4284,243.9966,1207,13.4
JK-15325,3,383.812,55.3277,15,Office Supplies,Corporate,West,California,288,127.93733333333334,18.442566666666668,848,5.0
JK-15370,8,2709.632,330.2838,72,Office Supplies,Consumer,West,California,45,338.704,41.285475,1315,9.0
JK-15625,7,3760.028,750.9485,44,Furniture,Consumer,West,Washington,62,537.1468571428571,107.27835714285713,1248,6.285714285714286
JK-15640,9,4760.434,1172.5303,41,Office Supplies,Home Office,West,California,181,528.9371111111111,130.28114444444444,1018,4.555555555555555
JK-15730,10,4867.2,55.048300000000005,88,Office Supplies,Consumer,West,California,85,486.71999999999997,5.50483,1054,8.8
JK-16090,3,3747.668,586.6625000000001,43,Office Supplies,Consumer,South,Kentucky,29,1249.2226666666668,195.5541666666667,956,14.333333333333334
JK-16120,10,2932.484,122.6566,49,Office Supplies,Home Office,West,California,118,293.2484,12.26566,1037,4.9
JL-15130,6,1214.9560000000001,-207.79559999999998,42,Office Supplies,Consumer,East,Ohio,9,202.49266666666668,-34.6326,1253,7.0
JL-15175,5,1571.523,209.2817,29,Office Supplies,Home Office,West,California,7,314.3046,41.85634,1089,5.8
JL-15235,5,2203.7,54.51740000000003,39,Office Supplies,Consumer,East,Delaware,120,440.73999999999995,10.903480000000005,1196,7.8
JL-15505,6,3173.874,591.7163,56,Office Supplies,Consumer,West,California,50,528.9789999999999,98.61938333333335,1093,9.333333333333334
JL-15835,11,9799.923,228.90699999999998,143,Office Supplies,Consumer,West,California,22,890.9020909090909,20.809727272727272,1331,13.0
JL-15850,6,2725.256,779.9046,38,Office Supplies,Consumer,West,California,615,454.2093333333333,129.98409999999998,643,6.333333333333333
JM-15250,6,3159.122,19.823500000000024,91,Office Supplies,Consumer,East,Maryland,38,526.5203333333333,3.303916666666671,604,15.166666666666666
JM-15265,5,1804.1460000000002,502.61430000000007,52,Office Supplies,Corporate,West,California,38,360.8292,100.52286000000001,1186,10.4
JM-15535,7,1733.443,356.5395,46,Furniture,Consumer,West,California,103,247.6347142857143,50.93421428571428,1102,6.571428571428571
JM-15580,5,303.948,113.1204,26,Office Supplies,Consumer,West,California,1,60.78959999999999,22.62408,625,5.2
JM-15655,5,864.947,117.20400000000001,41,Office Supplies,Corporate,East,New Jersey,9,172.9894,23.440800000000003,1354,8.2
JM-15865,7,7625.076,1574.6163999999999,50,Office Supplies,Consumer,West,California,110,1089.2965714285715,224.94519999999997,1028,7.142857142857143
JM-16195,10,2833.926,754.1143999999999,74,Office Supplies,Consumer,West,California,58,283.3926,75.41144,1283,7.4
JO-15145,9,3254.949,581.4045,59,Office Supplies,Corporate,West,California,58,361.661,64.6005,1397,6.555555555555555
JO-15280,6,1934.272,202.13620000000003,36,Office Supplies,Consumer,West,California,93,322.3786666666667,33.68936666666667,1278,6.0
JO-15550,5,1090.838,167.6709,42,Office Supplies,Home Office,West,California,216,218.1676,33.53418,802,8.4
JP-15460,7,1669.135,429.7465,54,Office Supplies,Corporate,East,New Jersey,38,238.44785714285715,61.39235714285714,1187,7.714285714285714
JP-15520,7,3635.594,757.1802,63,Office Supplies,Consumer,West,California,9,519.3705714285715,108.1686,1218,9.0
JP-16135,9,1707.71,309.7116,47,Office Supplies,Home Office,West,California,103,189.74555555555557,34.4124,1092,5.222222222222222
JR-15670,2,1156.658,-785.1645,14,Office Supplies,Consumer,East,Connecticut,594,578.329,-392.58225,144,7.0
JR-15700,1,863.88,107.985,3,Technology,Consumer,South,Florida,69,863.88,107.985,0,3.0
JR-16210,5,2201.686,452.37300000000005,41,Office Supplies,Corporate,West,California,34,440.33720000000005,90.47460000000001,801,8.2
JS-15595,4,1417.654,-175.549,35,Office Supplies,Corporate,South,Florida,120,354.4135,-43.88725,1279,8.75
JS-15685,4,1131.064,-54.869200000000006,42,Office Supplies,Corporate,West,California,43,282.766,-13.717300000000002,522,10.5
JS-15880,5,3868.0199999999995,564.9798,43,Office Supplies,Consumer,West,Washington,535,773.6039999999999,112.99596,828,8.6
JS-15940,5,469.169,-327.9336,37,Office Supplies,Home Office,Central,Wisconsin,464,93.8338,-65.58672,874,7.4
JS-16030,6,2516.494,-311.25749999999994,70,Office Supplies,Consumer,South,Mississippi,29,419.4156666666667,-51.87624999999999,1374,11.666666666666666
JW-15220,6,7721.714,2173.7093999999997,66,Furniture,Corporate,West,California,43,1286.9523333333334,362.28489999999994,933,11.0
JW-15955,7,1244.086,-29.57589999999999,41,Furniture,Consumer,West,California,6,177.72657142857142,-4.22512857142857,862,5.857142857142857
JW-16075,4,1428.731,154.06369999999998,38,Office Supplies,Consumer,West,California,462,357.18275,38.515924999999996,554,9.5
KA-16525,7,1519.506,234.9194,57,Office Supplies,Consumer,West,California,37,217.07228571428573,33.559914285714285,1354,8.142857142857142
KB-16240,7,3152.615,763.9076,34,Office Supplies,Corporate,West,California,5,450.3735714285714,109.12965714285714,1366,4.857142857142857
KB-16315,9,1569.464,49.71929999999999,62,Office Supplies,Consumer,Central,Minnesota,297,174.3848888888889,5.5243666666666655,926,6.888888888888889
KB-16405,3,908.821,274.297,25,Office Supplies,Home Office,West,California,118,302.94033333333334,91.43233333333335,654,8.333333333333334
KB-16585,12,2744.742,579.3551,102,Office Supplies,Corporate,West,California,231,228.72850000000003,48.27959166666667,1136,8.5
KB-16600,7,983.9220000000001,293.55240000000003,29,Office Supplies,Corporate,Central,Michigan,2,140.56028571428573,41.936057142857145,1095,4.142857142857143
KC-16255,6,2120.954,846.1217,40,Office Supplies,Corporate,West,California,408,353.49233333333336,141.02028333333334,802,6.666666666666667
KC-16540,4,3908.262,709.4219,28,Office Supplies,Consumer,West,California,98,977.0655,177.355475,692,7.0
KC-16675,4,1146.05,156.7797,40,Office Supplies,Corporate,South,Kentucky,58,286.5125,39.194925,1056,10.0
KD-16270,5,8282.358,1107.6952,64,Office Supplies,Consumer,West,California,485,1656.4716,221.53904000000003,661,12.8
KD-16345,6,1888.964,328.5942,36,Office Supplies,Consumer,West,California,42,314.82733333333334,54.7657,1174,6.0
KD-16495,12,8181.256,3038.6254,84,Office Supplies,Corporate,West,California,113,681.7713333333334,253.21878333333333,1077,7.0
KD-16615,5,2243.51,539.7219,56,Office Supplies,Corporate,West,California,290,448.70200000000006,107.94438,550,11.2
KE-16420,8,1686.7312,397.87989999999996,67,Office Supplies,Corporate,West,California,27,210.8414,49.734987499999995,1341,8.375
KF-16285,7,10604.266,1660.1386,67,Office Supplies,Home Office,West,California,98,1514.895142857143,237.16265714285714,1094,9.571428571428571
KH-16330,8,3312.864,454.7871,70,Office Supplies,Corporate,South,Kentucky,41,414.108,56.8483875,1329,8.75
KH-16360,6,3100.612,528.2051,40,Office Supplies,Consumer,South,Kentucky,2,516.7686666666667,88.03418333333333,1340,6.666666666666667
KH-16510,7,5952.859,656.1162,91,Office Supplies,Consumer,West,California,23,850.4084285714287,93.73088571428572,1211,13.0
KH-16630,9,3918.9660000000003,727.3786,84,Office Supplies,Corporate,West,California,59,435.4406666666667,80.81984444444444,1097,9.333333333333334
KH-16690,7,5990.799,1227.5091,69,Office Supplies,Corporate,West,California,3,855.8284285714286,175.35844285714285,1378,9.857142857142858
KL-16555,8,5016.488,-182.78130000000004,84,Office Supplies,Corporate,South,Arkansas,17,627.061,-22.847662500000006,1278,10.5
KL-16645,12,14175.229,806.855,113,Office Supplies,Consumer,West,California,48,1181.2690833333334,67.23791666666666,1207,9.416666666666666
KM-16225,6,2260.958,635.1057,72,Office Supplies,Corporate,West,California,15,376.82633333333337,105.85095,894,12.0
KM-16375,8,5620.186,973.7901999999999,69,Office Supplies,Home Office,West,California,57,702.52325,121.72377499999999,1203,8.625
KM-16660,5,453.538,91.1391,30,Office Supplies,Consumer,West,California,16,90.7076,18.22782,1089,6.0
KM-16720,8,4909.472,745.7685,98,Office Supplies,Consumer,West,California,29,613.684,93.2210625,1343,12.25
KN-16390,9,2617.272,-151.1518,56,Office Supplies,Corporate,West,California,20,290.808,-16.794644444444444,1105,6.222222222222222
KN-16450,5,2171.962,114.3083,49,Office Supplies,Corporate,West,California,53,434.3924,22.86166,1306,9.8
KN-16705,8,2280.58,329.76250000000005,55,Office Supplies,Home Office,West,Washington,99,285.0725,41.220312500000006,1301,6.875
KS-16300,3,88.47200000000001,0.11099999999999888,10,Office Supplies,Corporate,South,Georgia,296,29.49066666666667,0.03699999999999962,787,3.3333333333333335
KT-16465,7,3057.1,254.0032,45,Office Supplies,Consumer,West,California,392,436.7285714285714,36.28617142857143,818,6.428571428571429
KT-16480,10,4642.088400000001,194.0671,37,Office Supplies,Consumer,West,California,101,464.20884000000007,19.40671,1291,3.7
KW-16435,5,4416.52,1756.135,42,Technology,Consumer,South,Kentucky,97,883.3040000000001,351.227,763,8.4
KW-16570,4,449.096,107.92699999999999,22,Furniture,Consumer,West,California,772,112.274,26.981749999999998,416,5.5
LA-16780,11,8673.222,2059.1199,105,Office Supplies,Corporate,West,California,155,788.4747272727273,187.1927181818182,1187,9.545454545454545
LB-16735,3,50.188,18.6507,12,Office Supplies,Consumer,West,California,49,16.729333333333333,6.2169,475,4.0
LB-16795,8,4985.676,-52.19099999999999,76,Office Supplies,Home Office,West,California,153,623.2095,-6.5238749999999985,1195,9.5
LC-16870,8,2580.7039999999997,-188.2511,113,Office Supplies,Consumer,West,California,28,322.58799999999997,-23.5313875,945,14.125
LC-16885,12,7663.126,1288.3469,93,Furniture,Consumer,West,California,17,638.5938333333334,107.36224166666666,1329,7.75
LC-16930,8,4492.946,288.266,52,Office Supplies,Corporate,Central,Indiana,42,561.61825,36.03325,1368,6.5
LC-16960,4,3246.626,299.48019999999997,30,Office Supplies,Home Office,South,Virginia,437,811.6565,74.87004999999999,605,7.5
LC-17050,5,2095.064,86.77799999999999,43,Furniture,Consumer,West,California,55,419.01279999999997,17.3556,1375,8.6
LC-17140,9,2633.582,231.1252,62,Office Supplies,Consumer,West,California,14,292.6202222222222,25.680577777777778,1195,6.888888888888889
LD-16855,1,5.304,0.4641,3,Office Supplies,Corporate,Central,Illinois,553,5.304,0.4641,0,3.0
LD-17005,4,1961.934,557.1714,25,Office Supplies,Consumer,West,California,415,490.4835,139.29285,774,6.25
LE-16810,6,1469.45,161.76489999999998,32,Office Supplies,Consumer,South,Virginia,22,244.90833333333333,26.960816666666663,1292,5.333333333333333
LF-17185,7,3930.509,-3583.9770000000003,69,Office Supplies,Consumer,West,California,23,561.5012857142857,-511.99671428571435,1231,9.857142857142858
LH-16750,3,287.426,12.627699999999999,12,Office Supplies,Consumer,South,North Carolina,152,95.80866666666667,4.209233333333333,1045,4.0
LH-16900,9,2295.332,526.0727,64,Technology,Consumer,South,Arkansas,22,255.03688888888888,58.45252222222223,1208,7.111111111111111
LH-17020,4,318.239,-242.7399,34,Office Supplies,Consumer,West,California,240,79.55975,-60.684975,970,8.5
LH-17155,9,1739.689,316.5202,44,Office Supplies,Consumer,West,California,386,193.2987777777778,35.16891111111111,729,4.888888888888889
LL-16840,6,2741.2039999999997,560.0078000000001,50,Office Supplies,Consumer,West,California,250,456.8673333333333,93.33463333333334,1092,8.333333333333334
LM-17065,5,1346.774,-44.87799999999999,32,Office Supplies,Consumer,South,Mississippi,392,269.35479999999995,-8.975599999999998,891,6.4
LO-17170,5,644.35,150.1712,34,Furniture,Corporate,West,California,3,128.87,30.03424,1056,6.8
LP-17080,4,756.606,110.7813,39,Office Supplies,Consumer,West,California,41,189.1515,27.695325,1245,9.75
LP-17095,7,3653.399,338.4454,52,Office Supplies,Consumer,West,California,10,521.9141428571428,48.34934285714286,563,7.428571428571429
LR-16915,6,5142.892,535.4764,64,Office Supplies,Consumer,West,California,27,857.1486666666666,89.24606666666666,1214,10.666666666666666
LR-17035,5,1879.306,-382.8079,44,Office Supplies,Corporate,West,California,133,375.8612,-76.56158,1078,8.8
LS-16945,6,2845.27,-318.77369999999996,51,Office Supplies,Corporate,West,California,179,474.21166666666664,-53.128949999999996,802,8.5
LS-16975,9,2988.674,262.6366999999999,63,Office Supplies,Home Office,West,California,21,332.0748888888889,29.181855555555543,1147,7.0
LS-17200,6,1010.2560000000001,244.197,54,Office Supplies,Corporate,West,California,97,168.376,40.6995,1073,9.0
LS-17230,3,368.88,39.1952,16,Office Supplies,Consumer,West,California,778,122.96,13.065066666666667,677,5.333333333333333
LS-17245,6,1008.136,348.3584,47,Office Supplies,Consumer,West,California,35,168.02266666666665,58.059733333333334,1137,7.833333333333333
LT-16765,3,329.876,59.036,8,Office Supplies,Consumer,West,California,27,109.95866666666666,19.67866666666667,1190,2.6666666666666665
LT-17110,8,2936.252,320.973,63,Office Supplies,Consumer,West,California,35,367.0315,40.121625,1274,7.875
LW-16825,5,2238.061,32.57670000000002,50,Office Supplies,Corporate,West,California,89,447.61220000000003,6.515340000000004,1222,10.0
LW-16990,6,3230.308,662.8339000000001,38,Furniture,Corporate,West,California,34,538.3846666666667,110.47231666666669,571,6.333333333333333
LW-17125,3,1259.04,192.6312,15,Furniture,Consumer,West,California,206,419.68,64.2104,1001,5.0
LW-17215,7,5420.514,837.2411000000001,59,Office Supplies,Consumer,West,California,22,774.3591428571428,119.60587142857143,1184,8.428571428571429
MA-17560,11,4299.161,1240.2266,117,Office Supplies,Home Office,West,California,65,390.8328181818182,112.74787272727272,1176,10.636363636363637
MA-17995,6,2453.284,280.7822,42,Office Supplies,Home Office,West,California,187,408.8806666666667,46.79703333333333,1011,7.0
MB-17305,10,1548.702,212.425,63,Office Supplies,Consumer,West,California,49,154.8702,21.2425,1192,6.3
MB-18085,7,1428.231,117.8057,39,Office Supplies,Consumer,West,California,45,204.033,16.829385714285714,1411,5.571428571428571
MC-17275,8,2725.982,461.0014,54,Office Supplies,Consumer,West,California,77,340.74775,57.625175,1133,6.75
MC-17425,5,4432.138,1802.3903,48,Office Supplies,Corporate,South,Alabama,400,886.4276,360.47806,911,9.6
MC-17575,8,1303.893,210.7493,40,Office Supplies,Consumer,West,California,28,162.986625,26.3436625,1097,5.0
MC-17590,6,2426.067,288.9841,47,Office Supplies,Corporate,West,California,52,404.3445,48.16401666666667,1269,7.833333333333333
MC-17605,8,2258.192,195.4486,60,Office Supplies,Corporate,West,California,113,282.274,24.431075,1270,7.5
MC-17635,4,795.154,-247.94350000000003,33,Office Supplies,Corporate,West,California,190,198.7885,-61.98587500000001,939,8.25
MC-17845,7,3805.714,698.4174,45,Office Supplies,Consumer,West,California,2,543.6734285714285,99.7739142857143,1273,6.428571428571429
MC-18100,10,2218.98,-64.16680000000001,73,Office Supplies,Consumer,West,California,42,221.898,-6.416680000000001,1250,7.3
MC-18130,5,1581.998,121.75649999999999,34,Office Supplies,Corporate,West,California,370,316.3996,24.3513,829,6.8
MD-17350,7,3766.382,-241.95,64,Office Supplies,Consumer,West,California,118,538.0545714285714,-34.56428571428571,1034,9.142857142857142
MD-17860,5,1204.91,-4.040300000000002,45,Office Supplies,Corporate,East,Maryland,37,240.98200000000003,-0.8080600000000004,1088,9.0
ME-17320,10,10663.728000000001,1859.4695,82,Office Supplies,Home Office,West,California,43,1066.3728,185.94695,1412,8.2
ME-17725,8,1908.4532,77.81280000000001,46,Office Supplies,Consumer,South,Virginia,29,238.55665,9.726600000000001,1239,5.75
ME-18010,4,1256.944,107.3604,15,Office Supplies,Corporate,West,California,93,314.236,26.8401,1166,3.75
MF-17665,5,937.039,-341.5265,36,Office Supplies,Corporate,East,Maryland,422,187.4078,-68.3053,675,7.2
MF-18250,5,1758.3,456.86080000000004,38,Office Supplies,Corporate,West,California,8,351.65999999999997,91.37216000000001,1195,7.6
MG-17650,7,3785.276,341.898,57,Office Supplies,Home Office,Central,Michigan,30,540.7537142857143,48.84257142857143,1210,8.142857142857142
MG-17680,4,2350.188,25.888599999999997,25,Furniture,Home Office,East,Ohio,93,587.547,6.472149999999999,1073,6.25
MG-17695,3,1342.282,-398.79319999999996,23,Office Supplies,Consumer,East,New York,556,447.4273333333333,-132.93106666666665,545,7.666666666666667
MG-17875,5,1242.833,-470.7684,23,Office Supplies,Home Office,South,Virginia,117,248.56660000000002,-94.15368,1290,4.6
MG-17890,9,776.384,171.7372,35,Office Supplies,Home Office,West,California,100,86.26488888888889,19.08191111111111,998,3.888888888888889
MG-18145,4,3061.543,-93.60299999999998,42,Office Supplies,Consumer,West,California,85,765.38575,-23.400749999999995,1288,10.5
MG-18205,1,16.739,-1.2453,8,Furniture,Corporate,South,Florida,265,16.739,-1.2453,0,8.0
MH-17290,6,2394.025,28.76120000000001,55,Office Supplies,Home Office,West,California,120,399.00416666666666,4.793533333333335,1225,9.166666666666666
MH-17440,4,400.01599999999996,61.428599999999996,25,Office Supplies,Corporate,South,Mississippi,377,100.00399999999999,15.357149999999999,1049,6.25
MH-17455,8,2456.1820000000002,484.7733,45,Office Supplies,Consumer,Central,Indiana,86,307.02275000000003,60.5966625,1183,5.625
MH-17620,4,1252.8,122.3612,19,Office Supplies,Corporate,West,California,156,313.2,30.5903,601,4.75
MH-17785,7,2203.778,238.56140000000002,42,Office Supplies,Corporate,West,California,99,314.8254285714285,34.080200000000005,1215,6.0
MH-18025,5,2984.948,476.9032,31,Furniture,Consumer,South,Louisiana,50,596.9896,95.38064,1222,6.2
MH-18115,9,5503.093,170.97460000000004,79,Office Supplies,Home Office,East,New York,6,611.4547777777777,18.997177777777782,489,8.777777777777779
MJ-17740,7,6320.746,1054.5529,50,Office Supplies,Consumer,West,California,23,902.9637142857143,150.65041428571428,913,7.142857142857143
MK-17905,8,2302.368,-405.3559000000001,73,Office Supplies,Corporate,East,Connecticut,29,287.796,-50.66948750000001,1110,9.125
MK-18160,4,1031.602,227.8338,43,Office Supplies,Consumer,West,California,241,257.9005,56.95845,867,10.75
ML-17395,9,2722.843,684.9162,72,Office Supplies,Corporate,West,California,70,302.5381111111111,76.1018,1346,8.0
ML-17410,6,2921.5,-76.1755,51,Office Supplies,Consumer,West,California,55,486.9166666666667,-12.695916666666667,1088,8.5
ML-17755,7,2071.914,409.5112,53,Office Supplies,Home Office,West,California,30,295.98771428571433,58.501599999999996,484,7.571428571428571
ML-18040,3,742.082,138.71620000000001,18,Office Supplies,Corporate,West,New Mexico,80,247.36066666666667,46.238733333333336,200,6.0
ML-18265,2,162.232,42.6648,7,Technology,Consumer,West,Washington,101,81.116,21.3324,844,3.5
MM-17260,4,1314.0230000000001,178.402,17,Furniture,Consumer,East,New York,169,328.50575000000003,44.6005,1144,4.25
MM-17920,11,3794.08,82.12500000000003,68,Office Supplies,Consumer,West,California,8,344.91636363636366,7.4659090909090935,1440,6.181818181818182
MM-18055,8,2749.881,-520.3443,73,Office Supplies,Consumer,West,California,62,343.735125,-65.0430375,1298,9.125
MM-18280,9,775.414,58.8916,32,Office Supplies,Corporate,West,California,86,86.1571111111111,6.543511111111111,1355,3.5555555555555554
MN-17935,6,2477.946,290.8227,36,Office Supplies,Consumer,East,Maryland,35,412.991,48.47045,1379,6.0
MO-17500,4,922.487,59.357699999999994,15,Furniture,Consumer,East,New York,73,230.62175,14.839424999999999,1056,3.75
MO-17800,8,1687.0269999999998,169.3437,49,Furniture,Home Office,West,California,105,210.87837499999998,21.1679625,731,6.125
MO-17950,2,154.288,-82.0074,14,Technology,Consumer,South,North Carolina,181,77.144,-41.0037,823,7.0
MP-17470,7,3206.132,600.2873,77,Office Supplies,Home Office,Central,Minnesota,720,458.01885714285714,85.75532857142856,652,11.0
MP-17965,9,3983.642,638.1563,62,Office Supplies,Corporate,Central,Michigan,73,442.62688888888886,70.90625555555556,915,6.888888888888889
MP-18175,9,5087.92,226.45290000000006,78,Office Supplies,Home Office,West,California,17,565.3244444444445,25.16143333333334,1357,8.666666666666666
MR-17545,4,639.178,162.9363,29,Office Supplies,Home Office,West,Washington,126,159.7945,40.734075,1089,7.25
MS-17365,10,7443.69,844.9354999999999,105,Office Supplies,Consumer,West,California,274,744.3689999999999,84.49355,935,10.5
MS-17530,4,475.656,84.0268,21,Furniture,Consumer,West,California,435,118.914,21.0067,718,5.25
MS-17710,6,1613.402,247.4348,48,Office Supplies,Consumer,West,California,414,268.9003333333333,41.239133333333335,964,8.0
MS-17770,9,3144.678,280.8584,73,Office Supplies,Consumer,West,California,122,349.40866666666665,31.20648888888889,1154,8.11111111111111
MS-17830,4,370.348,19.4312,14,Furniture,Consumer,West,California,453,92.587,4.8578,999,3.5
MS-17980,6,855.116,55.226000000000006,49,Office Supplies,Corporate,Central,Missouri,27,142.51933333333332,9.204333333333334,1253,8.166666666666666
MT-17815,6,2890.139,509.0068,31,Office Supplies,Consumer,West,California,50,481.68983333333335,84.83446666666667,736,5.166666666666667
MT-18070,4,1319.4497999999999,-23.676299999999998,44,Office Supplies,Home Office,West,California,204,329.86244999999997,-5.919074999999999,989,11.0
MV-17485,9,1560.05,189.02579999999998,52,Office Supplies,Consumer,West,California,28,173.33888888888887,21.002866666666662,1413,5.777777777777778
MV-18190,7,1734.574,273.8582,37,Office Supplies,Consumer,West,California,20,247.79628571428572,39.1226,1411,5.285714285714286
MW-18220,7,5341.9,1238.422,51,Technology,Consumer,Central,Minnesota,18,763.1285714285714,176.9174285714286,1206,7.285714285714286
MW-18235,2,5253.876,1665.516,13,Technology,Corporate,South,Virginia,45,2626.938,832.758,1275,6.5
MY-17380,7,2254.285,319.12109999999996,49,Office Supplies,Corporate,West,California,30,322.0407142857143,45.58872857142857,767,7.0
MY-18295,11,4152.696,-371.7111,89,Office Supplies,Corporate,Central,Wisconsin,72,377.5178181818182,-33.79191818181818,1271,8.090909090909092
MZ-17335,4,593.606,85.0191,11,Office Supplies,Home Office,West,California,31,148.4015,21.254775,753,2.75
MZ-17515,6,2564.906,787.7503,39,Office Supplies,Corporate,West,California,283,427.4843333333333,131.29171666666667,1084,6.5
NB-18580,2,273.87199999999996,24.788800000000002,7,Furniture,Corporate,South,Louisiana,1166,136.93599999999998,12.394400000000001,26,3.5
NB-18655,9,1972.599,117.6429,64,Office Supplies,Corporate,West,California,20,219.17766666666665,13.071433333333333,1102,7.111111111111111
NC-18340,5,2461.404,580.3075,54,Office Supplies,Consumer,Central,Michigan,225,492.2808,116.0615,1147,10.8
NC-18415,6,2218.9900000000002,-2204.8072,38,Office Supplies,Consumer,West,California,42,369.8316666666667,-367.4678666666667,1296,6.333333333333333
NC-18535,7,8241.739,1314.758,64,Office Supplies,Corporate,West,California,7,1177.3912857142857,187.82257142857142,1250,9.142857142857142
NC-18625,5,1821.7420000000002,-359.02099999999996,29,Office Supplies,Corporate,Central,Indiana,205,364.3484,-71.8042,954,5.8
ND-18370,9,4326.139,353.64549999999997,63,Office Supplies,Consumer,West,California,28,480.6821111111111,39.29394444444444,1420,7.0
ND-18460,6,2893.455,443.33680000000004,36,Office Supplies,Corporate,South,Virginia,184,482.2425,73.88946666666668,1240,6.0
NF-18385,7,8322.826,-1695.9714,52,Furniture,Consumer,South,Virginia,80,1188.9751428571428,-242.28162857142857,1339,7.428571428571429
NF-18475,4,377.16200000000003,85.92779999999999,13,Office Supplies,Home Office,Central,Nebraska,526,94.29050000000001,21.481949999999998,862,3.25
NF-18595,7,2031.472,388.2131,55,Office Supplies,Home Office,West,California,115,290.2102857142857,55.45901428571428,1237,7.857142857142857
NG-18355,5,1869.58,313.6335,45,Office Supplies,Corporate,East,Connecticut,49,373.916,62.72670000000001,1084,9.0
NG-18430,5,1395.9379999999999,217.0893,41,Office Supplies,Consumer,West,California,49,279.1876,43.417860000000005,1084,8.2
NH-18610,7,2673.29,760.1665999999999,52,Office Supplies,Corporate,West,California,190,381.8985714285714,108.59522857142856,1210,7.428571428571429
NK-18490,7,572.048,121.21770000000001,51,Office Supplies,Home Office,West,California,71,81.72114285714285,17.316814285714287,877,7.285714285714286
NL-18310,4,1418.0900000000001,343.6381,44,Office Supplies,Home Office,West,California,59,354.52250000000004,85.909525,1098,11.0
NM-18445,7,6459.344,2751.6848999999997,44,Office Supplies,Home Office,West,California,161,922.7634285714286,393.09784285714284,1261,6.285714285714286
NM-18520,10,2161.9790000000003,788.9525,60,Office Supplies,Consumer,West,California,245,216.19790000000003,78.89525,600,6.0
NP-18325,6,5529.62,1208.8890000000001,77,Office Supplies,Consumer,West,California,26,921.6033333333334,201.4815,1302,12.833333333333334
NP-18670,5,3908.402,514.6002,46,Office Supplies,Consumer,East,New Jersey,59,781.6804,102.92004,979,9.2
NP-18685,6,1228.698,514.5017,23,Office Supplies,Home Office,West,California,407,204.78300000000002,85.75028333333334,988,3.8333333333333335
NP-18700,7,7903.1825,631.2282,63,Office Supplies,Consumer,West,California,139,1129.0260714285714,90.17545714285714,1074,9.0
NR-18550,5,2367.277,-25.148799999999966,37,Office Supplies,Consumer,West,California,211,473.4554,-5.029759999999993,1092,7.4
NS-18505,4,2575.863,-12.304000000000002,52,Office Supplies,Consumer,West,California,7,643.96575,-3.0760000000000005,395,13.0
NS-18640,13,2964.823,-234.77139999999997,113,Office Supplies,Corporate,West,California,175,228.0633076923077,-18.05933846153846,1110,8.692307692307692
NW-18400,7,7234.014,1023.1229999999999,78,Office Supplies,Consumer,South,Alabama,173,1033.4305714285715,146.16042857142855,1116,11.142857142857142
NZ-18565,9,2488.31,402.4236,77,Office Supplies,Home Office,West,California,86,276.4788888888889,44.71373333333334,1161,8.555555555555555
ON-18715,9,1567.52,-5.88900000000001,58,Office Supplies,Corporate,West,California,411,174.1688888888889,-0.6543333333333344,794,6.444444444444445
OT-18730,5,3818.624,-925.1203,51,Office Supplies,Consumer,West,California,66,763.7248,-185.02406000000002,920,10.2
PA-19060,6,729.408,225.8588,27,Office Supplies,Home Office,Central,Indiana,104,121.568,37.64313333333333,1220,4.5
PB-18805,3,740.356,229.2257,54,Office Supplies,Home Office,West,Washington,26,246.78533333333334,76.40856666666666,746,18.0
PB-19105,4,688.324,218.15970000000002,18,Office Supplies,Consumer,South,Georgia,58,172.081,54.539925000000004,1084,4.5
PB-19150,8,1456.95,280.6606,54,Office Supplies,Consumer,West,California,98,182.11875,35.082575,1168,6.75
PB-19210,2,132.738,21.897000000000002,10,Office Supplies,Corporate,Central,Oklahoma,689,66.369,10.948500000000001,445,5.0
PC-18745,4,1832.064,272.685,22,Office Supplies,Corporate,West,California,3,458.016,68.17125,1093,5.5
PC-19000,2,1061.488,-184.3364,18,Office Supplies,Home Office,West,California,883,530.744,-92.1682,480,9.0
PF-19120,4,9062.864,-614.2943,75,Office Supplies,Consumer,South,Kentucky,836,2265.716,-153.573575,500,18.75
PF-19165,6,2770.0,196.87389999999994,34,Office Supplies,Consumer,West,California,197,461.6666666666667,32.81231666666665,1001,5.666666666666667
PF-19225,5,2206.128,591.3118000000001,32,Office Supplies,Consumer,West,California,115,441.22560000000004,118.26236000000002,438,6.4
PG-18820,13,3086.907,137.4613000000001,83,Office Supplies,Consumer,West,California,37,237.45438461538464,10.573946153846162,1295,6.384615384615385
PG-18895,9,1987.164,334.5163,61,Office Supplies,Consumer,West,California,58,220.796,37.16847777777778,1272,6.777777777777778
PH-18790,1,729.648,47.8878,6,Furniture,Home Office,South,Florida,71,729.648,47.8878,0,6.0
PJ-18835,8,1220.09,442.1355,46,Office Supplies,Corporate,West,California,40,152.51125,55.2669375,1273,5.75
PJ-19015,7,1824.2340000000002,682.9979000000001,25,Furniture,Consumer,West,California,135,260.60485714285716,97.57112857142859,1229,3.5714285714285716
PK-18910,2,1441.152,-798.705,14,Office Supplies,Home Office,West,California,484,720.576,-399.3525,883,7.0
PK-19075,12,8646.934,2038.2676000000001,107,Office Supplies,Consumer,West,California,10,720.5778333333333,169.85563333333334,1136,8.916666666666666
PL-18925,5,239.481,-0.7527000000000008,29,Office Supplies,Home Office,West,California,16,47.8962,-0.15054000000000017,1140,5.8
PM-18940,3,1405.4019999999998,157.8768,16,Furniture,Consumer,South,Virginia,387,468.4673333333333,52.6256,950,5.333333333333333
PM-19135,4,4115.662,526.7537,36,Technology,Home Office,East,New Hampshire,52,1028.9155,131.688425,691,9.0
PN-18775,8,1467.152,192.0396,47,Office Supplies,Home Office,Central,Nebraska,31,183.394,24.00495,846,5.875
PO-18850,11,7473.8282,38.475700000000046,91,Office Supplies,Consumer,West,California,5,679.4389272727273,3.4977909090909134,1150,8.272727272727273
PO-18865,7,2493.214,437.8533,54,Office Supplies,Consumer,West,California,1,356.1734285714286,62.55047142857143,1378,7.714285714285714
PO-19180,9,4893.043,1155.4331,65,Office Supplies,Home Office,Central,Minnesota,161,543.6714444444444,128.38145555555556,712,7.222222222222222
PO-19195,5,1056.8580000000002,-49.7009,32,Office Supplies,Home Office,East,New Jersey,87,211.37160000000003,-9.94018,1370,6.4
PP-18955,10,7252.608,1495.0854000000002,138,Office Supplies,Home Office,West,California,98,725.2608,149.50854,1125,13.8
PR-18880,5,1840.1779999999999,247.6226,43,Furniture,Consumer,West,California,37,368.0356,49.52452,1176,8.6
PS-18760,6,2181.479,-134.44099999999997,75,Office Supplies,Consumer,West,California,108,363.5798333333333,-22.406833333333328,1187,12.5
PS-18970,8,1278.639,198.5099,52,Office Supplies,Home Office,West,California,70,159.829875,24.8137375,1286,6.5
PS-19045,7,6843.634,1742.7296999999999,47,Office Supplies,Home Office,West,California,237,977.662,248.96138571428568,870,6.714285714285714
PT-19090,4,160.572,-20.0508,19,Office Supplies,Consumer,South,Florida,72,40.143,-5.0127,1134,4.75
PV-18985,5,2876.0460000000003,434.52840000000003,52,Office Supplies,Home Office,West,California,90,575.2092,86.90568,1178,10.4
PW-19030,10,3454.916,803.8169,48,Office Supplies,Corporate,West,California,47,345.4916,80.38169,1278,4.8
PW-19240,7,3922.415,1290.354,39,Office Supplies,Consumer,East,Delaware,465,560.345,184.3362857142857,674,5.571428571428571
QJ-19255,9,6108.338,1203.6768,61,Office Supplies,Corporate,East,Vermont,26,678.7042222222221,133.74186666666665,1359,6.777777777777778
RA-19285,9,2617.906,546.0882,58,Office Supplies,Consumer,West,California,6,290.8784444444444,60.67646666666667,1108,6.444444444444445
RA-19885,7,3832.3140000000003,1292.8656,53,Office Supplies,Corporate,West,California,44,547.4734285714286,184.69508571428574,1319,7.571428571428571
RA-19915,9,4793.543,304.8673,75,Office Supplies,Consumer,West,California,13,532.6158888888889,33.87414444444445,1267,8.333333333333334
RA-19945,5,1686.9225,-445.69499999999994,27,Office Supplies,Consumer,West,California,62,337.3845,-89.13899999999998,1158,5.4
RB-19330,2,1008.1959999999999,-164.4062,16,Office Supplies,Consumer,Central,Texas,69,504.09799999999996,-82.2031,1071,8.0
RB-19360,6,15117.339,6976.0959,71,Office Supplies,Consumer,West,California,97,2519.5565,1162.68265,542,11.833333333333334
RB-19435,8,2663.086,477.2399,66,Office Supplies,Consumer,West,California,20,332.88575,59.6549875,1371,8.25
RB-19465,12,4715.466,640.5466,85,Office Supplies,Home Office,West,California,10,392.95550000000003,53.378883333333334,1378,7.083333333333333
RB-19570,5,528.546,76.8879,35,Office Supplies,Consumer,Central,Indiana,26,105.70920000000001,15.37758,586,7.0
RB-19645,5,221.084,72.679,29,Office Supplies,Corporate,West,Nevada,649,44.2168,14.5358,577,5.8
RB-19705,4,2067.45,243.07549999999998,22,Office Supplies,Home Office,East,New York,55,516.8625,60.768874999999994,807,5.5
RB-19795,8,5633.316000000001,-461.7332,92,Office Supplies,Home Office,West,California,33,704.1645000000001,-57.71665,1274,11.5
RC-19825,6,966.409,63.9914,29,Office Supplies,Consumer,West,California,370,161.06816666666666,10.665233333333333,752,4.833333333333333
RC-19960,6,885.752,10.563299999999998,44,Office Supplies,Consumer,East,Maryland,111,147.62533333333332,1.7605499999999996,1113,7.333333333333333
RD-19480,8,4272.929999999999,480.594,60,Office Supplies,Consumer,West,California,73,534.1162499999999,60.07425,1229,7.5
RD-19585,10,2912.894,734.5158,73,Office Supplies,Consumer,West,California,181,291.2894,73.45158,1188,7.3
RD-19660,5,2786.632,835.772,23,Office Supplies,Home Office,Central,Missouri,115,557.3264,167.1544,879,4.6
RD-19720,10,1419.737,207.3304,78,Office Supplies,Consumer,West,California,22,141.9737,20.73304,1238,7.8
RD-19810,8,1137.616,318.4625,63,Office Supplies,Home Office,West,California,15,142.202,39.8078125,1146,7.875
RD-19900,9,3133.924,455.5292,85,Office Supplies,Consumer,West,California,115,348.21377777777775,50.614355555555555,1251,9.444444444444445
RD-19930,4,970.942,35.057400000000015,33,Office Supplies,Consumer,Central,Texas,43,242.7355,8.764350000000004,1142,8.25
RE-19405,1,48.36,6.045,5,Office Supplies,Consumer,East,Ohio,1098,48.36,6.045,0,5.0
RE-19450,5,876.696,209.2294,47,Office Supplies,Consumer,West,California,303,175.3392,41.84588,1004,9.4
RF-19345,8,3309.15,633.7072,67,Office Supplies,Corporate,South,Georgia,391,413.64375,79.2134,930,8.375
RF-19735,7,2341.2960000000003,711.6168,53,Office Supplies,Consumer,West,California,90,334.4708571428572,101.65954285714285,1153,7.571428571428571
RF-19840,8,945.222,280.0261,45,Office Supplies,Consumer,West,California,7,118.15275,35.0032625,1138,5.625
RH-19495,5,3621.376,563.7877000000001,38,Office Supplies,Consumer,Central,Minnesota,33,724.2752,112.75754000000002,1193,7.6
RH-19510,6,6979.18,1289.4535,43,Office Supplies,Home Office,West,California,468,1163.1966666666667,214.90891666666667,673,7.166666666666667
RH-19555,2,740.382,0.30570000000000164,11,Office Supplies,Consumer,South,North Carolina,520,370.191,0.15285000000000082,238,5.5
RH-19600,3,2085.7400000000002,172.6261,43,Office Supplies,Consumer,South,Virginia,535,695.2466666666668,57.542033333333336,378,14.333333333333334
RK-19300,3,1460.192,269.688,29,Office Supplies,Consumer,Central,Indiana,120,486.73066666666665,89.896,775,9.666666666666666
RL-19615,8,6234.91,488.14840000000004,101,Office Supplies,Consumer,West,California,122,779.36375,61.018550000000005,1000,12.625
RM-19375,6,1453.474,392.1499,29,Office Supplies,Consumer,West,California,346,242.24566666666666,65.35831666666667,984,4.833333333333333
RM-19675,5,5979.0960000000005,1902.5438,39,Technology,Home Office,West,California,7,1195.8192000000001,380.50876,1136,7.8
RM-19750,1,98.35,28.6879,4,Furniture,Consumer,East,New York,300,98.35,28.6879,0,4.0
RO-19780,7,3815.478,-1262.5716,48,Office Supplies,Consumer,West,California,36,545.0682857142857,-180.36737142857143,928,6.857142857142857
RP-19270,4,954.6451999999999,59.538399999999996,47,Office Supplies,Corporate,West,California,497,238.66129999999998,14.884599999999999,672,11.75
RP-19390,12,5153.084,465.2503000000001,88,Office Supplies,Consumer,Central,Wisconsin,34,429.42366666666663,38.770858333333344,1283,7.333333333333333
RP-19855,8,2170.716,594.5868,61,Office Supplies,Corporate,West,California,29,271.3395,74.32335,1337,7.625
RR-19315,2,615.932,-73.835,7,Furniture,Consumer,West,California,20,307.966,-36.9175,392,3.5
RR-19525,6,3302.262,721.6826,36,Office Supplies,Corporate,East,Massachusetts,171,550.3770000000001,120.28043333333333,1038,6.0
RS-19420,5,3221.29,633.4513999999999,29,Office Supplies,Corporate,West,California,77,644.258,126.69027999999999,1167,5.8
RS-19765,8,4159.77,1206.3851,54,Office Supplies,Corporate,West,California,37,519.97125,150.7981375,1327,6.75
RS-19870,2,22.328,9.5838,10,Office Supplies,Home Office,Central,Iowa,20,11.164,4.7919,552,5.0
RW-19540,7,7397.401000000001,1586.6273,89,Office Supplies,Corporate,West,California,121,1056.7715714285716,226.66104285714286,941,12.714285714285714
RW-19630,9,3279.746,698.8325,53,Office Supplies,Corporate,West,California,90,364.41622222222225,77.64805555555556,1192,5.888888888888889
RW-19690,5,3495.646,707.5503,61,Office Supplies,Consumer,West,California,80,699.1292000000001,141.51006,500,12.2
SA-20830,10,4767.3415,610.1496,75,Office Supplies,Consumer,West,California,64,476.73415000000006,61.014959999999995,1344,7.5
SB-20170,3,1348.02,157.6658,24,Office Supplies,Consumer,West,California,202,449.34,52.55526666666666,1102,8.0
SB-20185,6,6410.996,885.4623999999999,45,Technology,Consumer,West,California,189,1068.4993333333334,147.57706666666664,1009,7.5
SB-20290,7,8057.891,-2082.7451,84,Office Supplies,Corporate,West,California,48,1151.1272857142856,-297.5350142857143,1284,12.0
SC-20020,5,3362.9636,-317.0508,62,Office Supplies,Consumer,Central,Michigan,782,672.59272,-63.41016,617,12.4
SC-20050,9,4624.572,1011.7443,61,Office Supplies,Home Office,West,California,41,513.8413333333333,112.41603333333333,1343,6.777777777777778
SC-20095,9,14142.334,5757.411899999999,87,Office Supplies,Consumer,West,California,350,1571.3704444444445,639.7124333333333,1068,9.666666666666666
SC-20230,4,4371.9580000000005,440.14099999999996,49,Office Supplies,Corporate,West,California,150,1092.9895000000001,110.03524999999999,423,12.25
SC-20260,8,3729.793,671.0033999999999,63,Office Supplies,Corporate,West,California,188,466.224125,83.87542499999999,1177,7.875
SC-20305,7,3979.0649999999996,229.1617,64,Office Supplies,Consumer,West,California,30,568.4378571428571,32.737385714285715,1081,9.142857142857142
SC-20380,9,5992.536,236.6615,80,Office Supplies,Consumer,South,Georgia,31,665.8373333333334,26.29572222222222,1370,8.88888888888889
SC-20440,7,1874.998,379.5611,44,Office Supplies,Corporate,West,California,37,267.85685714285717,54.223014285714285,830,6.285714285714286
SC-20575,5,902.7280000000001,100.2253,30,Office Supplies,Consumer,West,California,93,180.5456,20.04506,1201,6.0
SC-20680,6,1254.64,370.15779999999995,26,Office Supplies,Home Office,West,California,127,209.10666666666668,61.692966666666656,1009,4.333333333333333
SC-20695,10,2576.408,611.8290999999999,66,Office Supplies,Corporate,Central,Wisconsin,90,257.6408,61.18290999999999,1021,6.6
SC-20725,11,5226.21,1276.6513,133,Office Supplies,Consumer,West,California,188,475.11,116.05920909090909,1119,12.090909090909092
SC-20770,7,4492.657,-671.1874,75,Office Supplies,Corporate,West,California,42,641.8081428571429,-95.88391428571428,883,10.714285714285714
SC-20800,4,279.25600000000003,51.8252,11,Office Supplies,Consumer,West,California,31,69.81400000000001,12.9563,720,2.75
SC-20845,2,280.632,31.1757,13,Office Supplies,Consumer,West,Colorado,132,140.316,15.58785,283,6.5
SD-20485,9,6121.114,1985.1671999999999,82,Office Supplies,Home Office,East,New York,201,680.1237777777777,220.57413333333332,1234,9.11111111111111
SE-20110,11,12209.438000000002,2650.6769,78,Office Supplies,Consumer,West,California,10,1109.9489090909092,240.97062727272726,1350,7.090909090909091
SF-20065,7,763.546,228.16230000000002,35,Office Supplies,Consumer,West,California,60,109.078,32.594614285714286,1148,5.0
SF-20200,9,3422.786,286.9046,74,Office Supplies,Consumer,West,Washington,60,380.30955555555556,31.87828888888889,1044,8.222222222222221
SF-20965,9,3336.5350000000003,539.9352,66,Office Supplies,Corporate,Central,Michigan,49,370.72611111111115,59.9928,1118,7.333333333333333
SG-20080,3,3406.581,570.438,30,Office Supplies,Consumer,West,California,9,1135.527,190.146,783,10.0
SG-20470,8,1884.7980000000002,-119.01050000000001,62,Office Supplies,Consumer,West,California,184,235.59975000000003,-14.876312500000001,1070,7.75
SG-20605,6,3124.8320000000003,463.269,49,Office Supplies,Consumer,West,California,109,520.8053333333334,77.2115,1329,8.166666666666666
SG-20890,3,47.946,-3.7073,17,Office Supplies,Corporate,East,New York,227,15.982,-1.2357666666666667,1145,5.666666666666667
SH-19975,13,3406.8395,558.4739999999999,113,Office Supplies,Corporate,West,California,30,262.0645769230769,42.95953846153846,1087,8.692307692307692
SH-20395,10,2180.718,-144.5229,45,Office Supplies,Consumer,West,California,24,218.0718,-14.45229,1131,4.5
SH-20635,2,2096.392,260.6258,16,Furniture,Corporate,South,Tennessee,766,1048.196,130.3129,345,8.0
SJ-20125,12,3949.656,144.11889999999997,104,Office Supplies,Home Office,West,California,96,329.138,12.00990833333333,735,8.666666666666666
SJ-20215,6,1341.036,-23.5137,35,Furniture,Consumer,Central,Texas,30,223.506,-3.91895,1026,5.833333333333333
SJ-20500,5,1318.776,68.09629999999999,30,Office Supplies,Consumer,West,California,254,263.7552,13.619259999999997,964,6.0
SK-19990,3,883.409,168.7933,19,Office Supplies,Consumer,East,Connecticut,9,294.4696666666667,56.26443333333333,389,6.333333333333333
SL-20155,7,3053.012,527.9715000000001,30,Office Supplies,Home Office,Central,Oklahoma,71,436.14457142857145,75.42450000000001,1126,4.285714285714286
SM-20005,4,244.494,-26.592700000000008,26,Office Supplies,Consumer,East,New York,422,61.1235,-6.648175000000002,712,6.5
SM-20320,5,25043.05,-1980.7393000000002,50,Office Supplies,Home Office,West,California,80,5008.61,-396.14786000000004,1304,10.0
SM-20905,1,1043.041,-237.2885,20,Technology,Consumer,East,Ohio,607,1043.041,-237.2885,0,20.0
SM-20950,12,5563.392,581.5742,94,Office Supplies,Corporate,West,California,26,463.616,48.46451666666667,1163,7.833333333333333
SN-20560,6,1860.4180000000001,-716.8565000000001,67,Office Supplies,Home Office,West,California,112,310.0696666666667,-119.47608333333335,815,11.166666666666666
SN-20710,7,3127.9592,481.7499,89,Office Supplies,Home Office,West,California,80,446.85131428571424,68.82141428571428,1255,12.714285714285714
SO-20335,6,2602.5755,-81.0858,52,Furniture,Consumer,West,California,30,433.76258333333334,-13.5143,782,8.666666666666666
SP-20545,6,1306.086,-118.77570000000001,43,Office Supplies,Corporate,Central,Wisconsin,328,217.681,-19.79595,847,7.166666666666667
SP-20620,9,5440.319,-270.4282,77,Office Supplies,Corporate,West,California,48,604.4798888888889,-30.04757777777778,1162,8.555555555555555
SP-20650,9,1872.436,268.4782,71,Office Supplies,Corporate,West,California,387,208.04844444444444,29.830911111111114,968,7.888888888888889
SP-20860,10,4282.9400000000005,566.7226,80,Office Supplies,Corporate,West,California,80,428.29400000000004,56.67226000000001,1032,8.0
SP-20920,6,3990.6890000000003,14.6924,57,Office Supplies,Consumer,West,California,71,665.1148333333334,2.448733333333333,1064,9.5
SR-20425,5,3233.4809999999998,-3333.9143999999997,34,Office Supplies,Home Office,Central,Michigan,9,646.6962,-666.78288,1287,6.8
SR-20740,8,4345.8859999999995,1990.4243999999999,50,Office Supplies,Home Office,West,California,197,543.2357499999999,248.80304999999998,1213,6.25
SS-20140,8,1324.028,332.3487,86,Office Supplies,Corporate,West,California,16,165.5035,41.5435875,1118,10.75
SS-20410,6,3056.807,-1010.9738,46,Office Supplies,Consumer,West,California,111,509.4678333333333,-168.49563333333333,1200,7.666666666666667
SS-20515,3,613.4000000000001,199.9345,36,Office Supplies,Home Office,South,Kentucky,492,204.4666666666667,66.64483333333334,774,12.0
SS-20590,6,418.49,135.5401,17,Office Supplies,Consumer,West,California,433,69.74833333333333,22.590016666666667,811,2.8333333333333335
SS-20875,5,964.636,-75.586,39,Office Supplies,Consumer,West,Washington,121,192.9272,-15.1172,992,7.8
ST-20530,7,433.34000000000003,84.4419,33,Office Supplies,Consumer,West,New Mexico,126,61.90571428571429,12.063128571428573,1290,4.714285714285714
SU-20665,7,2595.364,763.4719,61,Office Supplies,Home Office,South,Mississippi,21,370.76628571428574,109.06741428571429,736,8.714285714285714
SV-20365,10,11470.949999999999,1199.4242,109,Furniture,Consumer,South,Louisiana,102,1147.0949999999998,119.94242,1348,10.9
SV-20785,9,4105.305,485.0272,91,Office Supplies,Consumer,West,California,321,456.14500000000004,53.89191111111111,1038,10.11111111111111
SV-20815,4,1271.0900000000001,199.6502,24,Office Supplies,Corporate,Central,Indiana,77,317.77250000000004,49.91255,895,6.0
SV-20935,8,1903.491,106.89120000000001,66,Office Supplies,Consumer,East,New York,3,237.936375,13.361400000000001,649,8.25
SW-20245,7,1085.078,-19.60620000000001,33,Office Supplies,Consumer,West,California,82,155.01114285714286,-2.8008857142857155,1178,4.714285714285714
SW-20275,6,1966.6499999999999,332.8725,28,Office Supplies,Consumer,West,California,31,327.775,55.47875,1361,4.666666666666667
SW-20350,3,1019.044,95.8383,25,Office Supplies,Home Office,Central,Michigan,163,339.6813333333333,31.9461,468,8.333333333333334
SW-20455,7,2921.544,793.6548,18,Office Supplies,Consumer,West,California,163,417.3634285714285,113.37925714285714,760,2.5714285714285716
SW-20755,2,758.696,68.2416,27,Office Supplies,Corporate,West,Washington,535,379.348,34.1208,620,13.5
SZ-20035,11,3625.329,366.4303,69,Office Supplies,Home Office,West,California,36,329.57536363636365,33.311845454545455,1175,6.2727272727272725
TA-21385,4,14595.62,4703.7883,36,Office Supplies,Home Office,Central,Kansas,70,3648.905,1175.947075,1136,9.0
TB-21055,5,1467.881,390.2113,66,Office Supplies,Consumer,East,Massachusetts,120,293.57620000000003,78.04226,442,13.2
TB-21175,4,3589.296,829.1635,36,Office Supplies,Corporate,South,Kentucky,59,897.324,207.290875,1060,9.0
TB-21190,4,816.1740000000001,179.0038,23,Furniture,Home Office,West,California,50,204.04350000000002,44.75095,1050,5.75
TB-21250,7,1602.376,260.6155,74,Office Supplies,Consumer,West,California,350,228.91085714285714,37.230785714285716,769,10.571428571428571
TB-21280,6,2198.4500000000003,490.9567,35,Office Supplies,Consumer,Central,Oklahoma,584,366.40833333333336,81.82611666666666,705,5.833333333333333
TB-21355,5,834.328,268.967,44,Office Supplies,Corporate,South,Georgia,147,166.8656,53.7934,559,8.8
TB-21400,7,9133.99,2798.3689,55,Office Supplies,Consumer,West,California,203,1304.8557142857142,399.7669857142857,1237,7.857142857142857
TB-21520,9,4737.486,-1603.0451,85,Office Supplies,Consumer,West,California,108,526.3873333333333,-178.11612222222223,1063,9.444444444444445
TB-21595,5,1387.5590000000002,-136.4091,29,Furniture,Consumer,Central,Wisconsin,286,277.51180000000005,-27.28182,1126,5.8
TB-21625,9,2797.668,379.882,60,Office Supplies,Consumer,West,California,31,310.85200000000003,42.20911111111111,1212,6.666666666666667
TC-20980,5,19052.218,8981.323900000001,42,Office Supplies,Corporate,Central,Indiana,400,3810.4436,1796.2647800000002,750,8.4
TC-21145,1,1038.26,265.5332,17,Furniture,Corporate,East,New Jersey,107,1038.26,265.5332,0,17.0
TC-21295,8,4266.812,606.3727,63,Office Supplies,Consumer,West,California,28,533.3515,75.7965875,1146,7.875
TC-21475,9,1244.976,119.10399999999998,45,Office Supplies,Home Office,South,Georgia,154,138.33066666666667,13.233777777777776,981,5.0
TC-21535,7,742.558,217.93300000000002,28,Office Supplies,Home Office,West,California,5,106.07971428571429,31.133285714285716,1149,4.0
TD-20995,9,1434.548,88.1897,67,Office Supplies,Consumer,East,Massachusetts,38,159.39422222222223,9.798855555555555,1284,7.444444444444445
TG-21310,5,3058.3720000000003,682.1704,30,Office Supplies,Consumer,West,Washington,338,611.6744000000001,136.43408,690,6.0
TG-21640,4,2074.661,365.7205,50,Office Supplies,Consumer,West,California,115,518.66525,91.430125,1256,12.5
TH-21100,5,2422.824,-135.21249999999998,29,Office Supplies,Consumer,West,California,345,484.5648,-27.042499999999997,846,5.8
TH-21115,4,2942.772,-252.5539,29,Office Supplies,Corporate,East,Delaware,59,735.693,-63.138475,1136,7.25
TH-21235,8,1022.201,92.72899999999998,40,Office Supplies,Corporate,West,California,118,127.775125,11.591124999999998,1035,5.0
TH-21550,7,4234.096,-571.9678000000001,44,Office Supplies,Home Office,East,Massachusetts,73,604.8708571428571,-81.70968571428573,1293,6.285714285714286
TM-21010,8,2955.226,573.3013,67,Office Supplies,Consumer,West,California,104,369.40325,71.6626625,1305,8.375
TM-21490,3,1094.6779999999999,292.52099999999996,12,Furniture,Consumer,East,New York,131,364.8926666666666,97.50699999999999,145,4.0
TN-21040,7,3130.221,-692.0452,48,Technology,Home Office,West,California,91,447.17442857142856,-98.8636,1087,6.857142857142857
TP-21130,9,4454.0560000000005,1129.1261,55,Office Supplies,Consumer,Central,Michigan,9,494.8951111111112,125.45845555555555,983,6.111111111111111
TP-21415,5,5329.0048,-1087.3898,39,Office Supplies,Consumer,East,New York,105,1065.80096,-217.47796,659,7.8
TP-21565,4,1936.6399999999999,139.22869999999998,48,Office Supplies,Corporate,West,Oregon,351,484.15999999999997,34.807174999999994,685,12.0
TR-21325,5,675.942,220.36440000000002,22,Office Supplies,Consumer,West,California,194,135.1884,44.072880000000005,932,4.4
TS-21085,2,4.833,-3.3156,4,Office Supplies,Consumer,South,Florida,358,2.4165,-1.6578,538,2.0
TS-21160,6,2163.6240000000003,260.8744,60,Office Supplies,Corporate,West,California,505,360.60400000000004,43.47906666666666,843,10.0
TS-21205,7,5371.09,862.8877,67,Office Supplies,Corporate,West,California,199,767.2985714285714,123.26967142857143,1182,9.571428571428571
TS-21340,5,974.782,-184.97889999999998,51,Office Supplies,Consumer,West,California,227,194.9564,-36.995779999999996,1215,10.2
TS-21370,6,11891.751,2371.7144,59,Office Supplies,Corporate,West,California,37,1981.9585,395.2857333333333,1123,9.833333333333334
TS-21430,5,2054.14,48.70169999999999,31,Furniture,Corporate,West,California,173,410.828,9.740339999999998,1077,6.2
TS-21505,6,2243.274,11.377900000000011,54,Office Supplies,Consumer,West,California,12,373.87899999999996,1.8963166666666684,1095,9.0
TS-21610,7,2820.424,-294.69809999999995,44,Office Supplies,Consumer,West,California,56,402.9177142857143,-42.099728571428564,1177,6.285714285714286
TS-21655,5,3368.094,220.9163,52,Office Supplies,Consumer,West,California,239,673.6188,44.183260000000004,820,10.4
TT-21070,7,4915.602000000001,751.9567,66,Office Supplies,Consumer,West,California,32,702.2288571428572,107.42238571428571,1291,9.428571428571429
TT-21220,8,1427.0439999999999,278.7371,55,Office Supplies,Consumer,West,California,184,178.38049999999998,34.8421375,1011,6.875
TT-21265,3,439.5,93.9162,8,Office Supplies,Corporate,West,California,407,146.5,31.305400000000002,462,2.6666666666666665
TT-21460,7,5364.808,1124.4999,48,Office Supplies,Home Office,West,California,13,766.4011428571429,160.64284285714285,741,6.857142857142857
TW-21025,7,5278.826,737.3905,57,Office Supplies,Home Office,West,Washington,65,754.118,105.3415,1040,8.142857142857142
TZ-21580,4,1707.286,224.8887,30,Office Supplies,Consumer,West,California,36,426.8215,56.222175,1110,7.5
VB-21745,6,2005.596,371.2398,37,Office Supplies,Corporate,East,New York,55,334.266,61.8733,843,6.166666666666667
VD-21670,6,6442.254,1617.7874000000002,71,Office Supplies,Consumer,West,Utah,582,1073.709,269.63123333333334,663,11.833333333333334
VF-21715,5,847.944,-96.27799999999999,35,Office Supplies,Home Office,West,California,14,169.5888,-19.255599999999998,1387,7.0
VG-21790,6,846.01,143.6268,32,Office Supplies,Consumer,West,California,155,141.00166666666667,23.9378,1086,5.333333333333333
VG-21805,5,427.372,-52.333,16,Office Supplies,Corporate,East,New Jersey,287,85.4744,-10.4666,909,3.2
VM-21685,7,2454.866,513.5269,37,Office Supplies,Home Office,South,Georgia,55,350.69514285714286,73.3609857142857,1309,5.285714285714286
VM-21835,5,380.69,116.6373,25,Office Supplies,Consumer,West,California,118,76.138,23.32746,1262,5.0
VP-21730,3,993.9019999999999,205.3888,18,Office Supplies,Home Office,Central,Michigan,31,331.30066666666664,68.46293333333334,879,6.0
VP-21760,7,3360.526,-1018.7767999999999,65,Office Supplies,Corporate,West,California,76,480.07514285714285,-145.53954285714283,1136,9.285714285714286
VS-21820,4,1055.981,-262.8093,38,Office Supplies,Consumer,South,North Carolina,222,263.99525,-65.702325,1232,9.5
VT-21700,2,1736.596,-224.0889,42,Office Supplies,Home Office,East,Pennsylvania,1001,868.298,-112.04445,303,21.0
VW-21775,10,6134.0380000000005,-874.6645,77,Office Supplies,Corporate,West,California,29,613.4038,-87.46645,1301,7.7
WB-21850,11,6160.102,714.3311,146,Office Supplies,Consumer,West,California,21,560.0092727272727,64.93919090909091,1132,13.272727272727273
XP-21865,11,2374.658,621.23,100,Office Supplies,Consumer,West,California,44,215.878,56.47545454545455,1397,9.090909090909092
YC-21895,5,5454.35,1305.629,31,Office Supplies,Corporate,West,California,5,1090.8700000000001,261.12579999999997,1135,6.2
YS-21880,8,6720.4439999999995,1778.2923,58,Office Supplies,Corporate,West,California,10,840.0554999999999,222.2865375,1074,7.25
ZC-21910,13,8025.707,-1032.1490000000001,105,Office Supplies,Consumer,West,California,55,617.362076923077,-79.39607692307693,1120,8.076923076923077
ZD-21925,5,1493.944,249.1307,32,Office Supplies,Consumer,West,California,203,298.7888,49.826139999999995,1019,6.4
